2026-04-07 20:12:48,877 - INFO - >>> [任务一] 运行传统基于 CNN/BiLSTM-CRF 的序列标注...
2026-04-07 20:12:49,786 - INFO - ✅ 任务一完成！共抽出 326 个表层实体。已保存至 E:\VscodePractice\knowlodge_graph\task1_traditional_ner.json
2026-04-07 20:12:49,797 - INFO - >>> 启动 [带有共指消解前置的实体链接] 流水线...

2026-04-07 20:12:49,798 - DEBUG - Building prefix dict from the default dictionary ...
2026-04-07 20:12:49,798 - DEBUG - Loading model from cache E:\MYCUST~1\jieba.cache
2026-04-07 20:12:50,187 - DEBUG - Loading model cost 0.389 seconds.
2026-04-07 20:12:50,187 - DEBUG - Prefix dict has been built successfully.
2026-04-07 20:12:50,205 - INFO - 🔍 正在处理文本提及词: 【艾伦·麦席森·图灵】
2026-04-07 20:12:50,705 - INFO -    [未找到候选] 将 '艾伦·麦席森·图灵' 标记为 NIL (无链接实体)

2026-04-07 20:12:50,705 - INFO - 🔍 正在处理文本提及词: 【英语】
2026-04-07 20:12:51,255 - INFO -    找到 5 个关于 '英语' 的候选实体，计算相似度...
2026-04-07 20:12:51,255 - INFO -       -> 候选 [Q1860] 英语 | 得分: 105
2026-04-07 20:12:51,255 - INFO -       -> 候选 [Q328] 英语维基百科 | 得分: 12
2026-04-07 20:12:51,256 - INFO -       -> 候选 [Q7976] 美国英语 | 得分: 16
2026-04-07 20:12:51,256 - INFO -       -> 候选 [Q186579] 英语文学 | 得分: 15
2026-04-07 20:12:51,256 - INFO -       -> 候选 [Q27968] 英语研究 | 得分: 15
2026-04-07 20:12:51,256 - INFO -    ✅ 链接成功！将提及词【英语】链接至全球图谱节点: 英语 (Q1860)

2026-04-07 20:12:51,256 - INFO - 🔍 正在处理文本提及词: 【阿兰·图灵】
2026-04-07 20:12:51,735 - INFO -    找到 1 个关于 '阿兰·图灵' 的候选实体，计算相似度...
2026-04-07 20:12:51,735 - INFO -       -> 候选 [Q7251] 艾伦·图灵 | 得分: 9
2026-04-07 20:12:51,735 - INFO -    ✅ 链接成功！将提及词【阿兰·图灵】链接至全球图谱节点: 艾伦·图灵 (Q7251)

2026-04-07 20:12:51,735 - INFO - 🔍 正在处理文本提及词: 【Turing】
2026-04-07 20:12:52,265 - INFO -    找到 5 个关于 'Turing' 的候选实体，计算相似度...
2026-04-07 20:12:52,265 - INFO -       -> 候选 [Q104650420] 图灵 | 得分: 2
2026-04-07 20:12:52,265 - INFO -       -> 候选 [Q163310] 图灵机 | 得分: 5
2026-04-07 20:12:52,265 - INFO -       -> 候选 [Q7251] 艾伦·图灵 | 得分: 9
2026-04-07 20:12:52,265 - INFO -       -> 候选 [Q37142604] Turingan | 得分: 13
2026-04-07 20:12:52,265 - INFO -       -> 候选 [Q1205] 图林根州 | 得分: 1
2026-04-07 20:12:52,265 - INFO -    ✅ 链接成功！将提及词【Turing】链接至全球图谱节点: Turingan (Q37142604)

2026-04-07 20:12:52,265 - INFO - 🔍 正在处理文本提及词: 【1912年6月23日—1954年】
2026-04-07 20:12:52,798 - INFO -    [未找到候选] 将 '1912年6月23日—1954年' 标记为 NIL (无链接实体)

2026-04-07 20:12:52,798 - INFO - 🔍 正在处理文本提及词: 【英国电脑】
2026-04-07 20:12:53,302 - INFO -    [未找到候选] 将 '英国电脑' 标记为 NIL (无链接实体)

2026-04-07 20:12:53,302 - INFO - 🔍 正在处理文本提及词: 【他】
2026-04-07 20:12:53,302 - INFO - 这是一个代词，跳过
2026-04-07 20:12:53,302 - INFO - 🔍 正在处理文本提及词: 【二次世界大战】
2026-04-07 20:12:53,820 - INFO -    找到 5 个关于 '二次世界大战' 的候选实体，计算相似度...
2026-04-07 20:12:53,820 - INFO -       -> 候选 [Q362] 第二次世界大战 | 得分: 16
2026-04-07 20:12:53,820 - INFO -       -> 候选 [Q64553966] 二次世界大战后国外农业发展战略演变的教益 | 得分: 18
2026-04-07 20:12:53,820 - INFO -       -> 候选 [Q118885199] 二次世界大战后初期法国对德政策的转变 | 得分: 15
2026-04-07 20:12:53,820 - INFO -       -> 候选 [Q121206331] 二次世界大战后美国小说中的现实主义与自然主义 | 得分: 17
2026-04-07 20:12:53,820 - INFO -       -> 候选 [Q118973589] 二次世界大战期间的苏联外交政策 | 得分: 14
2026-04-07 20:12:53,820 - INFO -    ✅ 链接成功！将提及词【二次世界大战】链接至全球图谱节点: 二次世界大战后国外农业发展战略演变的教益 (Q64553966)

2026-04-07 20:12:53,820 - INFO - 🔍 正在处理文本提及词: 【8】
2026-04-07 20:12:54,377 - INFO -    找到 5 个关于 '8' 的候选实体，计算相似度...
2026-04-07 20:12:54,377 - INFO -       -> 候选 [Q23355] 8 | 得分: 102
2026-04-07 20:12:54,377 - INFO -       -> 候选 [Q2734213] 8 | 得分: 102
2026-04-07 20:12:54,377 - INFO -       -> 候选 [Q3142887] 8 | 得分: 102
2026-04-07 20:12:54,377 - INFO -       -> 候选 [Q122] 8月 | 得分: 15
2026-04-07 20:12:54,378 - INFO -       -> 候选 [Q2774] 8月15日 | 得分: 15
2026-04-07 20:12:54,378 - INFO -    ✅ 链接成功！将提及词【8】链接至全球图谱节点: 8 (Q23355)

2026-04-07 20:12:54,378 - INFO - 🔍 正在处理文本提及词: 【德国海军】
2026-04-07 20:12:54,902 - INFO -    找到 5 个关于 '德国海军' 的候选实体，计算相似度...
2026-04-07 20:12:54,903 - INFO -       -> 候选 [Q156945] 海军少将 | 得分: 2
2026-04-07 20:12:54,903 - INFO -       -> 候选 [Q682891] 海军一级上将 | 得分: 4
2026-04-07 20:12:54,903 - INFO -       -> 候选 [Q18145554] 海军元帅 | 得分: 2
2026-04-07 20:12:54,903 - INFO -       -> 候选 [Q3120110] 德国海军战列舰列表 | 得分: 15
2026-04-07 20:12:54,903 - INFO -       -> 候选 [Q1664616] 海军总监 (德国联邦国防军) | 得分: 6
2026-04-07 20:12:54,903 - INFO -    ✅ 链接成功！将提及词【德国海军】链接至全球图谱节点: 德国海军战列舰列表 (Q3120110)

2026-04-07 20:12:54,903 - INFO - 🔍 正在处理文本提及词: 【他】
2026-04-07 20:12:54,903 - INFO - 这是一个代词，跳过
2026-04-07 20:12:54,903 - INFO - 🔍 正在处理文本提及词: 【德国】
2026-04-07 20:12:55,488 - INFO -    找到 5 个关于 '德国' 的候选实体，计算相似度...
2026-04-07 20:12:55,488 - INFO -       -> 候选 [Q183] 德国 | 得分: 104
2026-04-07 20:12:55,488 - INFO -       -> 候选 [Q49768] 德国社会民主党 | 得分: 12
2026-04-07 20:12:55,488 - INFO -       -> 候选 [Q49762] 德国基督教民主联盟 | 得分: 13
2026-04-07 20:12:55,488 - INFO -       -> 候选 [Q82595] 德国足球甲级联赛 | 得分: 14
2026-04-07 20:12:55,488 - INFO -       -> 候选 [Q81110] 德国镜鲤 | 得分: 14
2026-04-07 20:12:55,488 - INFO -    ✅ 链接成功！将提及词【德国】链接至全球图谱节点: 德国 (Q183)

2026-04-07 20:12:55,488 - INFO - 🔍 正在处理文本提及词: 【波兰战】
2026-04-07 20:12:55,995 - INFO -    找到 5 个关于 '波兰战' 的候选实体，计算相似度...
2026-04-07 20:12:55,995 - INFO -       -> 候选 [Q150812] 波兰战役 | 得分: 16
2026-04-07 20:12:55,995 - INFO -       -> 候选 [Q7209910] 波兰战斗队 | 得分: 13
2026-04-07 20:12:55,995 - INFO -       -> 候选 [Q119617240] 波兰战后初期的人民民主道路之争 | 得分: 14
2026-04-07 20:12:55,996 - INFO -       -> 候选 [Q118938234] 波兰战后的第四次经济改革 | 得分: 18
2026-04-07 20:12:55,996 - INFO -       -> 候选 [Q121156453] 波兰战后哲学 | 得分: 16
2026-04-07 20:12:55,996 - INFO -    ✅ 链接成功！将提及词【波兰战】链接至全球图谱节点: 波兰战后的第四次经济改革 (Q118938234)

2026-04-07 20:12:55,996 - INFO - 🔍 正在处理文本提及词: 【恩尼格玛】
2026-04-07 20:12:56,533 - INFO -    找到 2 个关于 '恩尼格玛' 的候选实体，计算相似度...
2026-04-07 20:12:56,533 - INFO -       -> 候选 [Q150758] 恩尼格玛密码机 | 得分: 16
2026-04-07 20:12:56,533 - INFO -       -> 候选 [Q2665859] 恩尼格玛的破译 | 得分: 19
2026-04-07 20:12:56,533 - INFO -    ✅ 链接成功！将提及词【恩尼格玛】链接至全球图谱节点: 恩尼格玛的破译 (Q2665859)

2026-04-07 20:12:56,533 - INFO - 🔍 正在处理文本提及词: 【大西洋】
2026-04-07 20:12:57,071 - INFO -    找到 5 个关于 '大西洋' 的候选实体，计算相似度...
2026-04-07 20:12:57,071 - INFO -       -> 候选 [Q97] 大西洋 | 得分: 104
2026-04-07 20:12:57,071 - INFO -       -> 候选 [Q63212985] 大西洋 | 得分: 102
2026-04-07 20:12:57,071 - INFO -       -> 候选 [Q188879] 大西洋鲑 | 得分: 13
2026-04-07 20:12:57,071 - INFO -       -> 候选 [Q12703] 大西洋比利牛斯省 | 得分: 13
2026-04-07 20:12:57,071 - INFO -       -> 候选 [Q202440] 大西洋唱片 | 得分: 12
2026-04-07 20:12:57,071 - INFO -    ✅ 链接成功！将提及词【大西洋】链接至全球图谱节点: 大西洋 (Q97)

2026-04-07 20:12:57,071 - INFO - 🔍 正在处理文本提及词: 【计算机器和智能】
2026-04-07 20:12:57,608 - INFO -    [未找到候选] 将 '计算机器和智能' 标记为 NIL (无链接实体)

2026-04-07 20:12:57,608 - INFO - 🔍 正在处理文本提及词: 【英国】
2026-04-07 20:12:58,147 - INFO -    找到 5 个关于 '英国' 的候选实体，计算相似度...
2026-04-07 20:12:58,147 - INFO -       -> 候选 [Q145] 英国 | 得分: 104
2026-04-07 20:12:58,147 - INFO -       -> 候选 [Q34433] 牛津大学 | 得分: 5
2026-04-07 20:12:58,147 - INFO -       -> 候选 [Q35794] 剑桥大学 | 得分: 6
2026-04-07 20:12:58,147 - INFO -       -> 候选 [Q123885] 英国皇家学会 | 得分: 19
2026-04-07 20:12:58,147 - INFO -       -> 候选 [Q9531] 英国广播公司 | 得分: 14
2026-04-07 20:12:58,147 - INFO -    ✅ 链接成功！将提及词【英国】链接至全球图谱节点: 英国 (Q145)

2026-04-07 20:12:58,147 - INFO - 🔍 正在处理文本提及词: 【他】
2026-04-07 20:12:58,147 - INFO - 这是一个代词，跳过
2026-04-07 20:12:58,147 - INFO - 🔍 正在处理文本提及词: 【他】
2026-04-07 20:12:58,147 - INFO - 这是一个代词，跳过
2026-04-07 20:12:58,147 - INFO - 🔍 正在处理文本提及词: 【2小时46分03秒】
2026-04-07 20:12:58,621 - INFO -    [未找到候选] 将 '2小时46分03秒' 标记为 NIL (无链接实体)

2026-04-07 20:12:58,621 - INFO - 🔍 正在处理文本提及词: 【1948年奥林匹克运动会】
2026-04-07 20:12:59,154 - INFO -    [未找到候选] 将 '1948年奥林匹克运动会' 标记为 NIL (无链接实体)

2026-04-07 20:12:59,154 - INFO - 🔍 正在处理文本提及词: 【11分钟】
2026-04-07 20:12:59,692 - INFO -    找到 1 个关于 '11分钟' 的候选实体，计算相似度...
2026-04-07 20:12:59,692 - INFO -       -> 候选 [Q19877180] 11分钟 | 得分: 104
2026-04-07 20:12:59,692 - INFO -    ✅ 链接成功！将提及词【11分钟】链接至全球图谱节点: 11分钟 (Q19877180)

2026-04-07 20:12:59,692 - INFO - 🔍 正在处理文本提及词: 【1948年】
2026-04-07 20:13:00,230 - INFO -    找到 5 个关于 '1948年' 的候选实体，计算相似度...
2026-04-07 20:13:00,230 - INFO -       -> 候选 [Q5165] 1948年 | 得分: 103
2026-04-07 20:13:00,230 - INFO -       -> 候选 [Q8403] 1948年夏季奥林匹克运动会 | 得分: 14
2026-04-07 20:13:00,230 - INFO -       -> 候选 [Q9615] 1948年冬季奥林匹克运动会 | 得分: 17
2026-04-07 20:13:00,230 - INFO -       -> 候选 [Q49097] 第一次中东战争 | 得分: 2
2026-04-07 20:13:00,230 - INFO -       -> 候选 [Q49092] 1948年阿拉伯-以色列战争 | 得分: 19
2026-04-07 20:13:00,230 - INFO -    ✅ 链接成功！将提及词【1948年】链接至全球图谱节点: 1948年 (Q5165)

2026-04-07 20:13:00,230 - INFO - 🔍 正在处理文本提及词: 【他】
2026-04-07 20:13:00,230 - INFO - 这是一个代词，跳过
2026-04-07 20:13:00,230 - INFO - 🔍 正在处理文本提及词: 【奥运会】
2026-04-07 20:13:00,747 - INFO -    找到 5 个关于 '奥运会' 的候选实体，计算相似度...
2026-04-07 20:13:00,747 - INFO -       -> 候选 [Q5389] 奥林匹克运动会 | 得分: 4
2026-04-07 20:13:00,747 - INFO -       -> 候选 [Q212434] 奥运会项目 | 得分: 16
2026-04-07 20:13:00,747 - INFO -       -> 候选 [Q58825429] 奥运会选手 | 得分: 13
2026-04-07 20:13:00,748 - INFO -       -> 候选 [Q15889643] 奥运铜牌 | 得分: 4
2026-04-07 20:13:00,748 - INFO -       -> 候选 [Q15243387] 奥运金牌 | 得分: 7
2026-04-07 20:13:00,748 - INFO -    ✅ 链接成功！将提及词【奥运会】链接至全球图谱节点: 奥运会项目 (Q212434)

2026-04-07 20:13:00,748 - INFO - 🔍 正在处理文本提及词: 【汤姆·理查兹】
2026-04-07 20:13:01,257 - INFO -    找到 2 个关于 '汤姆·理查兹' 的候选实体，计算相似度...
2026-04-07 20:13:01,257 - INFO -       -> 候选 [Q1065207] 汤姆·理查兹 | 得分: 105
2026-04-07 20:13:01,257 - INFO -       -> 候选 [Q413599] 汤姆·理查兹 | 得分: 104
2026-04-07 20:13:01,257 - INFO -    ✅ 链接成功！将提及词【汤姆·理查兹】链接至全球图谱节点: 汤姆·理查兹 (Q1065207)

2026-04-07 20:13:01,257 - INFO - 🔍 正在处理文本提及词: 【朱利斯·麦席森·图灵】
2026-04-07 20:13:01,750 - INFO -    [未找到候选] 将 '朱利斯·麦席森·图灵' 标记为 NIL (无链接实体)

2026-04-07 20:13:01,750 - INFO - 🔍 正在处理文本提及词: 【Julius】
2026-04-07 20:13:02,323 - INFO -    找到 5 个关于 'Julius' 的候选实体，计算相似度...
2026-04-07 20:13:02,323 - INFO -       -> 候选 [Q1102114] 朱利叶斯 | 得分: 5
2026-04-07 20:13:02,323 - INFO -       -> 候选 [Q21489043] 朱利斯 | 得分: 5
2026-04-07 20:13:02,323 - INFO -       -> 候选 [Q21369263] 朱利斯 | 得分: 6
2026-04-07 20:13:02,323 - INFO -       -> 候选 [Q142059] 尤利乌斯·伏契克 | 得分: 4
2026-04-07 20:13:02,323 - INFO -       -> 候选 [Q26926054] 朱利斯 | 得分: 6
2026-04-07 20:13:02,323 - INFO -    ✅ 链接成功！将提及词【Julius】链接至全球图谱节点: 朱利斯 (Q21369263)

2026-04-07 20:13:02,323 - INFO - 🔍 正在处理文本提及词: 【印度】
2026-04-07 20:13:02,872 - INFO -    找到 5 个关于 '印度' 的候选实体，计算相似度...
2026-04-07 20:13:02,872 - INFO -       -> 候选 [Q668] 印度 | 得分: 103
2026-04-07 20:13:02,872 - INFO -       -> 候选 [Q3179625] 天竺 | 得分: 2
2026-04-07 20:13:02,872 - INFO -       -> 候选 [Q252] 印度尼西亚 | 得分: 14
2026-04-07 20:13:02,873 - INFO -       -> 候选 [Q9240] 印尼语 | 得分: 1
2026-04-07 20:13:02,873 - INFO -       -> 候选 [Q1239] 印度洋 | 得分: 12
2026-04-07 20:13:02,873 - INFO -    ✅ 链接成功！将提及词【印度】链接至全球图谱节点: 印度 (Q668)

2026-04-07 20:13:02,873 - INFO - 🔍 正在处理文本提及词: 【1911年】
2026-04-07 20:13:03,391 - INFO -    找到 5 个关于 '1911年' 的候选实体，计算相似度...
2026-04-07 20:13:03,391 - INFO -       -> 候选 [Q2076] 1911年 | 得分: 103
2026-04-07 20:13:03,391 - INFO -       -> 候选 [Q867541] 大英百科全书第十一版 | 得分: 1
2026-04-07 20:13:03,391 - INFO -       -> 候选 [Q849882] 1911年环法自由车赛 | 得分: 13
2026-04-07 20:13:03,391 - INFO -       -> 候选 [Q936410] 1911年电影 | 得分: 16
2026-04-07 20:13:03,391 - INFO -       -> 候选 [Q588505] 1911年文学 | 得分: 16
2026-04-07 20:13:03,391 - INFO -    ✅ 链接成功！将提及词【1911年】链接至全球图谱节点: 1911年 (Q2076)

2026-04-07 20:13:03,391 - INFO - 🔍 正在处理文本提及词: 【Ethel Sara Stoney】
2026-04-07 20:13:03,928 - INFO -    找到 1 个关于 'Ethel Sara Stoney' 的候选实体，计算相似度...
2026-04-07 20:13:03,928 - INFO -       -> 候选 [Q20895935] Ethel Sara Stoney | 得分: 108
2026-04-07 20:13:03,928 - INFO -    ✅ 链接成功！将提及词【Ethel Sara Stoney】链接至全球图谱节点: Ethel Sara Stoney (Q20895935)

2026-04-07 20:13:03,928 - INFO - 🔍 正在处理文本提及词: 【印度】
2026-04-07 20:13:04,453 - INFO -    找到 5 个关于 '印度' 的候选实体，计算相似度...
2026-04-07 20:13:04,453 - INFO -       -> 候选 [Q668] 印度 | 得分: 103
2026-04-07 20:13:04,453 - INFO -       -> 候选 [Q3179625] 天竺 | 得分: 2
2026-04-07 20:13:04,453 - INFO -       -> 候选 [Q252] 印度尼西亚 | 得分: 14
2026-04-07 20:13:04,453 - INFO -       -> 候选 [Q9240] 印尼语 | 得分: 1
2026-04-07 20:13:04,453 - INFO -       -> 候选 [Q1239] 印度洋 | 得分: 12
2026-04-07 20:13:04,453 - INFO -    ✅ 链接成功！将提及词【印度】链接至全球图谱节点: 印度 (Q668)

2026-04-07 20:13:04,453 - INFO - 🔍 正在处理文本提及词: 【艾伦】
2026-04-07 20:13:04,998 - INFO -    找到 5 个关于 '艾伦' 的候选实体，计算相似度...
2026-04-07 20:13:04,998 - INFO -       -> 候选 [Q2235472] 艾伦 | 得分: 104
2026-04-07 20:13:04,998 - INFO -       -> 候选 [Q2616573] Allan | 得分: 4
2026-04-07 20:13:04,998 - INFO -       -> 候选 [Q905085] 亚伦 | 得分: 4
2026-04-07 20:13:04,998 - INFO -       -> 候选 [Q2648323] 艾伦 | 得分: 102
2026-04-07 20:13:04,998 - INFO -       -> 候选 [Q33147] 艾伦 | 得分: 103
2026-04-07 20:13:04,999 - INFO -    ✅ 链接成功！将提及词【艾伦】链接至全球图谱节点: 艾伦 (Q2235472)

2026-04-07 20:13:04,999 - INFO - 🔍 正在处理文本提及词: 【英国】
2026-04-07 20:13:05,574 - INFO -    找到 5 个关于 '英国' 的候选实体，计算相似度...
2026-04-07 20:13:05,574 - INFO -       -> 候选 [Q145] 英国 | 得分: 104
2026-04-07 20:13:05,574 - INFO -       -> 候选 [Q34433] 牛津大学 | 得分: 5
2026-04-07 20:13:05,574 - INFO -       -> 候选 [Q35794] 剑桥大学 | 得分: 6
2026-04-07 20:13:05,574 - INFO -       -> 候选 [Q123885] 英国皇家学会 | 得分: 19
2026-04-07 20:13:05,574 - INFO -       -> 候选 [Q9531] 英国广播公司 | 得分: 14
2026-04-07 20:13:05,574 - INFO -    ✅ 链接成功！将提及词【英国】链接至全球图谱节点: 英国 (Q145)

2026-04-07 20:13:05,574 - INFO - 🔍 正在处理文本提及词: 【伦敦】
2026-04-07 20:13:06,064 - INFO -    找到 5 个关于 '伦敦' 的候选实体，计算相似度...
2026-04-07 20:13:06,064 - INFO -       -> 候选 [Q92561] 伦敦 | 得分: 102
2026-04-07 20:13:06,064 - INFO -       -> 候选 [Q84] 伦敦 | 得分: 105
2026-04-07 20:13:06,064 - INFO -       -> 候选 [Q1001456] 伦敦 | 得分: 103
2026-04-07 20:13:06,064 - INFO -       -> 候选 [Q3061911] 伦敦 | 得分: 103
2026-04-07 20:13:06,064 - INFO -       -> 候选 [Q1281978] 伦敦 | 得分: 102
2026-04-07 20:13:06,064 - INFO -    ✅ 链接成功！将提及词【伦敦】链接至全球图谱节点: 伦敦 (Q84)

2026-04-07 20:13:06,064 - INFO - 🔍 正在处理文本提及词: 【帕丁顿】
2026-04-07 20:13:06,612 - INFO -    找到 5 个关于 '帕丁顿' 的候选实体，计算相似度...
2026-04-07 20:13:06,612 - INFO -       -> 候选 [Q124230] 帕丁顿 | 得分: 105
2026-04-07 20:13:06,612 - INFO -       -> 候选 [Q932437] 帕丁顿 | 得分: 103
2026-04-07 20:13:06,612 - INFO -       -> 候选 [Q15055478] 帕丁顿熊 | 得分: 15
2026-04-07 20:13:06,612 - INFO -       -> 候选 [Q27590871] 帕丁顿熊2 | 得分: 16
2026-04-07 20:13:06,612 - INFO -       -> 候选 [Q2728539] 帕丁顿火车相撞事件 | 得分: 13
2026-04-07 20:13:06,612 - INFO -    ✅ 链接成功！将提及词【帕丁顿】链接至全球图谱节点: 帕丁顿 (Q124230)

2026-04-07 20:13:06,612 - INFO - 🔍 正在处理文本提及词: 【艾伦】
2026-04-07 20:13:07,549 - INFO -    找到 5 个关于 '艾伦' 的候选实体，计算相似度...
2026-04-07 20:13:07,550 - INFO -       -> 候选 [Q2235472] 艾伦 | 得分: 104
2026-04-07 20:13:07,550 - INFO -       -> 候选 [Q2616573] Allan | 得分: 4
2026-04-07 20:13:07,550 - INFO -       -> 候选 [Q905085] 亚伦 | 得分: 4
2026-04-07 20:13:07,550 - INFO -       -> 候选 [Q2648323] 艾伦 | 得分: 102
2026-04-07 20:13:07,550 - INFO -       -> 候选 [Q33147] 艾伦 | 得分: 103
2026-04-07 20:13:07,550 - INFO -    ✅ 链接成功！将提及词【艾伦】链接至全球图谱节点: 艾伦 (Q2235472)

2026-04-07 20:13:07,550 - INFO - 🔍 正在处理文本提及词: 【他】
2026-04-07 20:13:07,550 - INFO - 这是一个代词，跳过
2026-04-07 20:13:07,550 - INFO - 🔍 正在处理文本提及词: 【印度】
2026-04-07 20:13:08,090 - INFO -    找到 5 个关于 '印度' 的候选实体，计算相似度...
2026-04-07 20:13:08,090 - INFO -       -> 候选 [Q668] 印度 | 得分: 103
2026-04-07 20:13:08,090 - INFO -       -> 候选 [Q3179625] 天竺 | 得分: 2
2026-04-07 20:13:08,090 - INFO -       -> 候选 [Q252] 印度尼西亚 | 得分: 14
2026-04-07 20:13:08,091 - INFO -       -> 候选 [Q9240] 印尼语 | 得分: 1
2026-04-07 20:13:08,091 - INFO -       -> 候选 [Q1239] 印度洋 | 得分: 12
2026-04-07 20:13:08,091 - INFO -    ✅ 链接成功！将提及词【印度】链接至全球图谱节点: 印度 (Q668)

2026-04-07 20:13:08,091 - INFO - 🔍 正在处理文本提及词: 【印度】
2026-04-07 20:13:08,568 - INFO -    找到 5 个关于 '印度' 的候选实体，计算相似度...
2026-04-07 20:13:08,568 - INFO -       -> 候选 [Q668] 印度 | 得分: 103
2026-04-07 20:13:08,568 - INFO -       -> 候选 [Q3179625] 天竺 | 得分: 2
2026-04-07 20:13:08,569 - INFO -       -> 候选 [Q252] 印度尼西亚 | 得分: 14
2026-04-07 20:13:08,569 - INFO -       -> 候选 [Q9240] 印尼语 | 得分: 1
2026-04-07 20:13:08,569 - INFO -       -> 候选 [Q1239] 印度洋 | 得分: 12
2026-04-07 20:13:08,569 - INFO -    ✅ 链接成功！将提及词【印度】链接至全球图谱节点: 印度 (Q668)

2026-04-07 20:13:08,569 - INFO - 🔍 正在处理文本提及词: 【他】
2026-04-07 20:13:08,569 - INFO - 这是一个代词，跳过
2026-04-07 20:13:08,569 - INFO - 🔍 正在处理文本提及词: 【他】
2026-04-07 20:13:08,569 - INFO - 这是一个代词，跳过
2026-04-07 20:13:08,569 - INFO - 🔍 正在处理文本提及词: 【1927年】
2026-04-07 20:13:09,092 - INFO -    找到 5 个关于 '1927年' 的候选实体，计算相似度...
2026-04-07 20:13:09,092 - INFO -       -> 候选 [Q18110] 1927年 | 得分: 103
2026-04-07 20:13:09,092 - INFO -       -> 候选 [Q7375047] 1927年王室及议会头衔法令 | 得分: 16
2026-04-07 20:13:09,093 - INFO -       -> 候选 [Q910610] 1927年环法自由车赛 | 得分: 13
2026-04-07 20:13:09,093 - INFO -       -> 候选 [Q771976] 1927年南美足球锦标赛 | 得分: 13
2026-04-07 20:13:09,093 - INFO -       -> 候选 [Q848086] 1927年电影 | 得分: 16
2026-04-07 20:13:09,093 - INFO -    ✅ 链接成功！将提及词【1927年】链接至全球图谱节点: 1927年 (Q18110)

2026-04-07 20:13:09,093 - INFO - 🔍 正在处理文本提及词: 【他】
2026-04-07 20:13:09,093 - INFO - 这是一个代词，跳过
2026-04-07 20:13:09,093 - INFO - 🔍 正在处理文本提及词: 【吉尔福德】
2026-04-07 20:13:09,644 - INFO -    找到 5 个关于 '吉尔福德' 的候选实体，计算相似度...
2026-04-07 20:13:09,644 - INFO -       -> 候选 [Q213465] 吉尔福德 | 得分: 103
2026-04-07 20:13:09,644 - INFO -       -> 候选 [Q1303191] 吉尔福德 | 得分: 103
2026-04-07 20:13:09,645 - INFO -       -> 候选 [Q2887275] 吉尔福德 | 得分: 104
2026-04-07 20:13:09,645 - INFO -       -> 候选 [Q95752005] 吉尔福德 | 得分: 102
2026-04-07 20:13:09,645 - INFO -       -> 候选 [Q1087870] 吉尔福德 | 得分: 104
2026-04-07 20:13:09,645 - INFO -    ✅ 链接成功！将提及词【吉尔福德】链接至全球图谱节点: 吉尔福德 (Q2887275)

2026-04-07 20:13:09,645 - INFO - 🔍 正在处理文本提及词: 【六岁】
2026-04-07 20:13:10,166 - INFO -    找到 5 个关于 '六岁' 的候选实体，计算相似度...
2026-04-07 20:13:10,166 - INFO -       -> 候选 [Q66548946] 六岁儿童入学的初步实验 | 得分: 15
2026-04-07 20:13:10,166 - INFO -       -> 候选 [Q66549352] 六岁左右儿童的汉字字形知觉形位的初探 | 得分: 14
2026-04-07 20:13:10,166 - INFO -       -> 候选 [Q122851288] 六岁左右幼儿推理能力发展初探 | 得分: 17
2026-04-07 20:13:10,166 - INFO -       -> 候选 [Q66548863] 六岁儿童入学问题的心理学研究 | 得分: 16
2026-04-07 20:13:10,166 - INFO -       -> 候选 [Q98074510] 六岁红 | 得分: 12
2026-04-07 20:13:10,166 - INFO -    ✅ 链接成功！将提及词【六岁】链接至全球图谱节点: 六岁左右幼儿推理能力发展初探 (Q122851288)

2026-04-07 20:13:10,166 - INFO - 🔍 正在处理文本提及词: 【他】
2026-04-07 20:13:10,166 - INFO - 这是一个代词，跳过
2026-04-07 20:13:10,166 - INFO - 🔍 正在处理文本提及词: 【他】
2026-04-07 20:13:10,166 - INFO - 这是一个代词，跳过
2026-04-07 20:13:10,166 - INFO - 🔍 正在处理文本提及词: 【圣迈克尔】
2026-04-07 20:13:10,703 - INFO -    找到 5 个关于 '圣迈克尔' 的候选实体，计算相似度...
2026-04-07 20:13:10,703 - INFO -       -> 候选 [Q80160] 圣迈克尔 | 得分: 104
2026-04-07 20:13:10,703 - INFO -       -> 候选 [Q3551675] 圣迈克尔大学学院 | 得分: 17
2026-04-07 20:13:10,704 - INFO -       -> 候选 [Q2212983] 圣米迦勒学院 | 得分: 3
2026-04-07 20:13:10,704 - INFO -       -> 候选 [Q1997378] 圣迈克尔堡 | 得分: 14
2026-04-07 20:13:10,704 - INFO -       -> 候选 [Q7594874] 圣迈克尔教堂 | 得分: 15
2026-04-07 20:13:10,704 - INFO -    ✅ 链接成功！将提及词【圣迈克尔】链接至全球图谱节点: 圣迈克尔 (Q80160)

2026-04-07 20:13:10,704 - INFO - 🔍 正在处理文本提及词: 【他】
2026-04-07 20:13:10,704 - INFO - 这是一个代词，跳过
2026-04-07 20:13:10,704 - INFO - 🔍 正在处理文本提及词: 【马尔伯勒学院】
2026-04-07 20:13:11,221 - INFO -    找到 2 个关于 '马尔伯勒学院' 的候选实体，计算相似度...
2026-04-07 20:13:11,221 - INFO -       -> 候选 [Q1902016] 马尔伯勒学院 | 得分: 105
2026-04-07 20:13:11,221 - INFO -       -> 候选 [Q5688765] 马尔波罗学院 | 得分: 3
2026-04-07 20:13:11,221 - INFO -    ✅ 链接成功！将提及词【马尔伯勒学院】链接至全球图谱节点: 马尔伯勒学院 (Q1902016)

2026-04-07 20:13:11,221 - INFO - 🔍 正在处理文本提及词: 【1926年】
2026-04-07 20:13:11,785 - INFO -    找到 5 个关于 '1926年' 的候选实体，计算相似度...
2026-04-07 20:13:11,785 - INFO -       -> 候选 [Q5259] 1926年 | 得分: 103
2026-04-07 20:13:11,785 - INFO -       -> 候选 [Q4350766] 1926年苏联人口普查 | 得分: 13
2026-04-07 20:13:11,785 - INFO -       -> 候选 [Q681694] 1926年环法自由车赛 | 得分: 13
2026-04-07 20:13:11,785 - INFO -       -> 候选 [Q842687] 1926年南美足球锦标赛 | 得分: 13
2026-04-07 20:13:11,785 - INFO -       -> 候选 [Q195559] 1926年贝尔福宣言 | 得分: 13
2026-04-07 20:13:11,785 - INFO -    ✅ 链接成功！将提及词【1926年】链接至全球图谱节点: 1926年 (Q5259)

2026-04-07 20:13:11,785 - INFO - 🔍 正在处理文本提及词: 【他】
2026-04-07 20:13:11,785 - INFO - 这是一个代词，跳过
2026-04-07 20:13:11,785 - INFO - 🔍 正在处理文本提及词: 【十三岁】
2026-04-07 20:13:12,257 - INFO -    找到 1 个关于 '十三岁' 的候选实体，计算相似度...
2026-04-07 20:13:12,257 - INFO -       -> 候选 [Q7284451] 十三岁之微雨 | 得分: 14
2026-04-07 20:13:12,257 - INFO -    ✅ 链接成功！将提及词【十三岁】链接至全球图谱节点: 十三岁之微雨 (Q7284451)

2026-04-07 20:13:12,257 - INFO - 🔍 正在处理文本提及词: 【多塞特郡】
2026-04-07 20:13:12,770 - INFO -    找到 5 个关于 '多塞特郡' 的候选实体，计算相似度...
2026-04-07 20:13:12,771 - INFO -       -> 候选 [Q23159] 多塞特郡 | 得分: 104
2026-04-07 20:13:12,771 - INFO -       -> 候选 [Q67479793] 多塞特郡 | 得分: 104
2026-04-07 20:13:12,771 - INFO -       -> 候选 [Q967341] 多塞特郡号重巡洋舰 | 得分: 13
2026-04-07 20:13:12,771 - INFO -       -> 候选 [Q1344227] 多塞特郡西湾 | 得分: 13
2026-04-07 20:13:12,771 - INFO -       -> 候选 [Q6679556] 多塞特郡郡尉 | 得分: 16
2026-04-07 20:13:12,771 - INFO -    ✅ 链接成功！将提及词【多塞特郡】链接至全球图谱节点: 多塞特郡 (Q23159)

2026-04-07 20:13:12,771 - INFO - 🔍 正在处理文本提及词: 【第一天】
2026-04-07 20:13:13,301 - INFO -    找到 5 个关于 '第一天' 的候选实体，计算相似度...
2026-04-07 20:13:13,301 - INFO -       -> 候选 [Q3211904] 第一天 | 得分: 104
2026-04-07 20:13:13,301 - INFO -       -> 候选 [Q22075080] 第一天 | 得分: 106
2026-04-07 20:13:13,301 - INFO -       -> 候选 [Q109292907] 第一天 | 得分: 102
2026-04-07 20:13:13,301 - INFO -       -> 候选 [Q113819023] 头几天 | 得分: 3
2026-04-07 20:13:13,302 - INFO -       -> 候选 [Q1191151] 四五运动 | 得分: 6
2026-04-07 20:13:13,302 - INFO -    ✅ 链接成功！将提及词【第一天】链接至全球图谱节点: 第一天 (Q22075080)

2026-04-07 20:13:13,302 - INFO - 🔍 正在处理文本提及词: 【第一天】
2026-04-07 20:13:13,875 - INFO -    找到 5 个关于 '第一天' 的候选实体，计算相似度...
2026-04-07 20:13:13,875 - INFO -       -> 候选 [Q3211904] 第一天 | 得分: 104
2026-04-07 20:13:13,875 - INFO -       -> 候选 [Q22075080] 第一天 | 得分: 106
2026-04-07 20:13:13,875 - INFO -       -> 候选 [Q109292907] 第一天 | 得分: 102
2026-04-07 20:13:13,875 - INFO -       -> 候选 [Q113819023] 头几天 | 得分: 3
2026-04-07 20:13:13,875 - INFO -       -> 候选 [Q1191151] 四五运动 | 得分: 6
2026-04-07 20:13:13,875 - INFO -    ✅ 链接成功！将提及词【第一天】链接至全球图谱节点: 第一天 (Q22075080)

2026-04-07 20:13:13,875 - INFO - 🔍 正在处理文本提及词: 【他】
2026-04-07 20:13:13,875 - INFO - 这是一个代词，跳过
2026-04-07 20:13:13,875 - INFO - 🔍 正在处理文本提及词: 【南安普顿】
2026-04-07 20:13:14,435 - INFO -    找到 5 个关于 '南安普顿' 的候选实体，计算相似度...
2026-04-07 20:13:14,435 - INFO -       -> 候选 [Q79848] 南安普敦 | 得分: 2
2026-04-07 20:13:14,435 - INFO -       -> 候选 [Q582637] 南安普顿 | 得分: 102
2026-04-07 20:13:14,435 - INFO -       -> 候选 [Q18732] 南安普顿足球俱乐部 | 得分: 14
2026-04-07 20:13:14,435 - INFO -       -> 候选 [Q1323054] 南安普敦堂区 | 得分: 1
2026-04-07 20:13:14,435 - INFO -       -> 候选 [Q2396008] 南安普顿中央车站 | 得分: 13
2026-04-07 20:13:14,435 - INFO -    ✅ 链接成功！将提及词【南安普顿】链接至全球图谱节点: 南安普顿 (Q582637)

2026-04-07 20:13:14,435 - INFO - 🔍 正在处理文本提及词: 【六十】
2026-04-07 20:13:14,981 - INFO -    找到 5 个关于 '六十' 的候选实体，计算相似度...
2026-04-07 20:13:14,981 - INFO -       -> 候选 [Q79998] 60 | 得分: 1
2026-04-07 20:13:14,981 - INFO -       -> 候选 [Q45456286] 钱峄 | 得分: 2
2026-04-07 20:13:14,981 - INFO -       -> 候选 [Q45617555] 范希淹 | 得分: 2
2026-04-07 20:13:14,981 - INFO -       -> 候选 [Q45668572] 刘洵 | 得分: 2
2026-04-07 20:13:14,981 - INFO -       -> 候选 [Q45459520] 孙坊 | 得分: 2
2026-04-07 20:13:14,981 - INFO -    ✅ 链接成功！将提及词【六十】链接至全球图谱节点: 钱峄 (Q45456286)

2026-04-07 20:13:14,982 - INFO - 🔍 正在处理文本提及词: 【他】
2026-04-07 20:13:14,982 - INFO - 这是一个代词，跳过
2026-04-07 20:13:14,982 - INFO - 🔍 正在处理文本提及词: 【谢尔本】
2026-04-07 20:13:15,502 - INFO -    找到 5 个关于 '谢尔本' 的候选实体，计算相似度...
2026-04-07 20:13:15,502 - INFO -       -> 候选 [Q1018289] 谢尔本 | 得分: 103
2026-04-07 20:13:15,503 - INFO -       -> 候选 [Q2416708] 谢尔本 | 得分: 104
2026-04-07 20:13:15,503 - INFO -       -> 候选 [Q1693101] 谢尔本 | 得分: 104
2026-04-07 20:13:15,503 - INFO -       -> 候选 [Q2418215] 谢尔本 | 得分: 104
2026-04-07 20:13:15,503 - INFO -       -> 候选 [Q4859980] 谢尔本 | 得分: 103
2026-04-07 20:13:15,503 - INFO -    ✅ 链接成功！将提及词【谢尔本】链接至全球图谱节点: 谢尔本 (Q2416708)

2026-04-07 20:13:15,503 - INFO - 🔍 正在处理文本提及词: 【他】
2026-04-07 20:13:15,503 - INFO - 这是一个代词，跳过
2026-04-07 20:13:15,503 - INFO - 🔍 正在处理文本提及词: 【他】
2026-04-07 20:13:15,503 - INFO - 这是一个代词，跳过
2026-04-07 20:13:15,503 - INFO - 🔍 正在处理文本提及词: 【他】
2026-04-07 20:13:15,503 - INFO - 这是一个代词，跳过
2026-04-07 20:13:15,503 - INFO - 🔍 正在处理文本提及词: 【1928年】
2026-04-07 20:13:16,067 - INFO -    找到 5 个关于 '1928年' 的候选实体，计算相似度...
2026-04-07 20:13:16,067 - INFO -       -> 候选 [Q19715] 1928年 | 得分: 103
2026-04-07 20:13:16,067 - INFO -       -> 候选 [Q8138] 1928年夏季奥林匹克运动会 | 得分: 16
2026-04-07 20:13:16,067 - INFO -       -> 候选 [Q9591] 1928年冬季奥林匹克运动会 | 得分: 18
2026-04-07 20:13:16,067 - INFO -       -> 候选 [Q109886] 第1届奥斯卡金像奖 | 得分: 4
2026-04-07 20:13:16,067 - INFO -       -> 候选 [Q699380] 1928年美国总统选举 | 得分: 14
2026-04-07 20:13:16,067 - INFO -    ✅ 链接成功！将提及词【1928年】链接至全球图谱节点: 1928年 (Q19715)

2026-04-07 20:13:16,067 - INFO - 🔍 正在处理文本提及词: 【16岁】
2026-04-07 20:13:16,567 - INFO -    找到 1 个关于 '16岁' 的候选实体，计算相似度...
2026-04-07 20:13:16,567 - INFO -       -> 候选 [Q97311827] 16岁症候群 | 得分: 13
2026-04-07 20:13:16,567 - INFO -    ✅ 链接成功！将提及词【16岁】链接至全球图谱节点: 16岁症候群 (Q97311827)

2026-04-07 20:13:16,567 - INFO - 🔍 正在处理文本提及词: 【阿尔伯特·爱因斯坦】
2026-04-07 20:13:17,148 - INFO -    找到 5 个关于 '阿尔伯特·爱因斯坦' 的候选实体，计算相似度...
2026-04-07 20:13:17,148 - INFO -       -> 候选 [Q937] 阿尔伯特·爱因斯坦 | 得分: 106
2026-04-07 20:13:17,149 - INFO -       -> 候选 [Q11282516] 阿尔伯特·爱因斯坦 | 得分: 104
2026-04-07 20:13:17,149 - INFO -       -> 候选 [Q2464312] 阿尔伯特·爱因斯坦的大脑 | 得分: 15
2026-04-07 20:13:17,149 - INFO -       -> 候选 [Q1630439] 阿尔伯特·爱因斯坦以色列医院 | 得分: 15
2026-04-07 20:13:17,149 - INFO -       -> 候选 [Q577449] 阿尔伯特·爱因斯坦号自动运载飞船 | 得分: 15
2026-04-07 20:13:17,149 - INFO -    ✅ 链接成功！将提及词【阿尔伯特·爱因斯坦】链接至全球图谱节点: 阿尔伯特·爱因斯坦 (Q937)

2026-04-07 20:13:17,149 - INFO - 🔍 正在处理文本提及词: 【他】
2026-04-07 20:13:17,149 - INFO - 这是一个代词，跳过
2026-04-07 20:13:17,149 - INFO - 🔍 正在处理文本提及词: 【爱因斯坦】
2026-04-07 20:13:17,684 - INFO -    找到 5 个关于 '爱因斯坦' 的候选实体，计算相似度...
2026-04-07 20:13:17,684 - INFO -       -> 候选 [Q937] 阿尔伯特·爱因斯坦 | 得分: 16
2026-04-07 20:13:17,684 - INFO -       -> 候选 [Q123371] 汉斯·阿尔伯特·爱因斯坦 | 得分: 16
2026-04-07 20:13:17,685 - INFO -       -> 候选 [Q16834800] 爱因斯坦 | 得分: 104
2026-04-07 20:13:17,685 - INFO -       -> 候选 [Q7544] 虫洞 | 得分: 11
2026-04-07 20:13:17,685 - INFO -       -> 候选 [Q273711] 爱因斯坦场方程式 | 得分: 15
2026-04-07 20:13:17,685 - INFO -    ✅ 链接成功！将提及词【爱因斯坦】链接至全球图谱节点: 爱因斯坦 (Q16834800)

2026-04-07 20:13:17,685 - INFO - 🔍 正在处理文本提及词: 【爱因斯坦】
2026-04-07 20:13:18,193 - INFO -    找到 5 个关于 '爱因斯坦' 的候选实体，计算相似度...
2026-04-07 20:13:18,193 - INFO -       -> 候选 [Q937] 阿尔伯特·爱因斯坦 | 得分: 16
2026-04-07 20:13:18,193 - INFO -       -> 候选 [Q123371] 汉斯·阿尔伯特·爱因斯坦 | 得分: 16
2026-04-07 20:13:18,193 - INFO -       -> 候选 [Q16834800] 爱因斯坦 | 得分: 104
2026-04-07 20:13:18,193 - INFO -       -> 候选 [Q7544] 虫洞 | 得分: 11
2026-04-07 20:13:18,193 - INFO -       -> 候选 [Q273711] 爱因斯坦场方程式 | 得分: 15
2026-04-07 20:13:18,193 - INFO -    ✅ 链接成功！将提及词【爱因斯坦】链接至全球图谱节点: 爱因斯坦 (Q16834800)

2026-04-07 20:13:18,193 - INFO - 🔍 正在处理文本提及词: 【1931年】
2026-04-07 20:13:18,851 - INFO -    找到 5 个关于 '1931年' 的候选实体，计算相似度...
2026-04-07 20:13:18,851 - INFO -       -> 候选 [Q18782] 1931年 | 得分: 103
2026-04-07 20:13:18,851 - INFO -       -> 候选 [Q918375] 1931年英国国会选举 | 得分: 15
2026-04-07 20:13:18,851 - INFO -       -> 候选 [Q508539] 第4届奥斯卡金像奖 | 得分: 7
2026-04-07 20:13:18,851 - INFO -       -> 候选 [Q719883] 1931年西敏法令 | 得分: 13
2026-04-07 20:13:18,851 - INFO -       -> 候选 [Q379467] 1931年环法自由车赛 | 得分: 13
2026-04-07 20:13:18,851 - INFO -    ✅ 链接成功！将提及词【1931年】链接至全球图谱节点: 1931年 (Q18782)

2026-04-07 20:13:18,851 - INFO - 🔍 正在处理文本提及词: 【剑桥大学】
2026-04-07 20:13:19,419 - INFO -    找到 5 个关于 '剑桥大学' 的候选实体，计算相似度...
2026-04-07 20:13:19,419 - INFO -       -> 候选 [Q35794] 剑桥大学 | 得分: 106
2026-04-07 20:13:19,420 - INFO -       -> 候选 [Q5025572] 剑桥大学 (英国国会选区) | 得分: 18
2026-04-07 20:13:19,420 - INFO -       -> 候选 [Q332342] 剑桥大学三一学院 | 得分: 16
2026-04-07 20:13:19,420 - INFO -       -> 候选 [Q912887] 剑桥大学出版社 | 得分: 14
2026-04-07 20:13:19,420 - INFO -       -> 候选 [Q924289] 剑桥大学国王学院 | 得分: 18
2026-04-07 20:13:19,420 - INFO -    ✅ 链接成功！将提及词【剑桥大学】链接至全球图谱节点: 剑桥大学 (Q35794)

2026-04-07 20:13:19,420 - INFO - 🔍 正在处理文本提及词: 【1934年】
2026-04-07 20:13:19,948 - INFO -    找到 5 个关于 '1934年' 的候选实体，计算相似度...
2026-04-07 20:13:19,948 - INFO -       -> 候选 [Q18714] 1934年 | 得分: 103
2026-04-07 20:13:19,948 - INFO -       -> 候选 [Q1477177] 1934年世界杯足球赛 | 得分: 14
2026-04-07 20:13:19,949 - INFO -       -> 候选 [Q508570] 第6届奥斯卡金像奖 | 得分: 7
2026-04-07 20:13:19,949 - INFO -       -> 候选 [Q721860] 1934年世界杯外围赛 | 得分: 13
2026-04-07 20:13:19,949 - INFO -       -> 候选 [Q919138] 1934年大英帝国运动会 | 得分: 16
2026-04-07 20:13:19,949 - INFO -    ✅ 链接成功！将提及词【1934年】链接至全球图谱节点: 1934年 (Q18714)

2026-04-07 20:13:19,949 - INFO - 🔍 正在处理文本提及词: 【他】
2026-04-07 20:13:19,949 - INFO - 这是一个代词，跳过
2026-04-07 20:13:19,949 - INFO - 🔍 正在处理文本提及词: 【1935年】
2026-04-07 20:13:20,477 - INFO -    找到 5 个关于 '1935年' 的候选实体，计算相似度...
2026-04-07 20:13:20,477 - INFO -       -> 候选 [Q18658] 1935年 | 得分: 103
2026-04-07 20:13:20,477 - INFO -       -> 候选 [Q918378] 1935年英国大选 | 得分: 15
2026-04-07 20:13:20,477 - INFO -       -> 候选 [Q508451] 第7届奥斯卡金像奖 | 得分: 7
2026-04-07 20:13:20,477 - INFO -       -> 候选 [Q513819] 1935年环法自由车赛 | 得分: 13
2026-04-07 20:13:20,477 - INFO -       -> 候选 [Q74035] 布鲁塞尔世界博览会 | 得分: 2
2026-04-07 20:13:20,477 - INFO -    ✅ 链接成功！将提及词【1935年】链接至全球图谱节点: 1935年 (Q18658)

2026-04-07 20:13:20,477 - INFO - 🔍 正在处理文本提及词: 【22岁】
2026-04-07 20:13:20,967 - INFO -    找到 1 个关于 '22岁' 的候选实体，计算相似度...
2026-04-07 20:13:20,967 - INFO -       -> 候选 [Q121395880] 22岁的回顾与思索 | 得分: 18
2026-04-07 20:13:20,968 - INFO -    ✅ 链接成功！将提及词【22岁】链接至全球图谱节点: 22岁的回顾与思索 (Q121395880)

2026-04-07 20:13:20,968 - INFO - 🔍 正在处理文本提及词: 【他】
2026-04-07 20:13:20,968 - INFO - 这是一个代词，跳过
2026-04-07 20:13:20,968 - INFO - 🔍 正在处理文本提及词: 【1922年】
2026-04-07 20:13:21,455 - INFO -    找到 5 个关于 '1922年' 的候选实体，计算相似度...
2026-04-07 20:13:21,455 - INFO -       -> 候选 [Q2165] 1922年 | 得分: 103
2026-04-07 20:13:21,455 - INFO -       -> 候选 [Q3084303] 1922年英国国会选举 | 得分: 15
2026-04-07 20:13:21,455 - INFO -       -> 候选 [Q15987490] 1922年版大英百科全书 | 得分: 13
2026-04-07 20:13:21,455 - INFO -       -> 候选 [Q993705] 1922年教宗选举秘密会议 | 得分: 13
2026-04-07 20:13:21,455 - INFO -       -> 候选 [Q6071535] 1922年爱尔兰大选 | 得分: 13
2026-04-07 20:13:21,455 - INFO -    ✅ 链接成功！将提及词【1922年】链接至全球图谱节点: 1922年 (Q2165)

2026-04-07 20:13:21,455 - INFO - 🔍 正在处理文本提及词: 【他】
2026-04-07 20:13:21,455 - INFO - 这是一个代词，跳过
2026-04-07 20:13:21,455 - INFO - 🔍 正在处理文本提及词: 【论可计算数】
2026-04-07 20:13:21,970 - INFO -    [未找到候选] 将 '论可计算数' 标记为 NIL (无链接实体)

2026-04-07 20:13:21,970 - INFO - 🔍 正在处理文本提及词: 【英语】
2026-04-07 20:13:22,503 - INFO -    找到 5 个关于 '英语' 的候选实体，计算相似度...
2026-04-07 20:13:22,503 - INFO -       -> 候选 [Q1860] 英语 | 得分: 105
2026-04-07 20:13:22,503 - INFO -       -> 候选 [Q328] 英语维基百科 | 得分: 12
2026-04-07 20:13:22,503 - INFO -       -> 候选 [Q7976] 美国英语 | 得分: 16
2026-04-07 20:13:22,503 - INFO -       -> 候选 [Q186579] 英语文学 | 得分: 15
2026-04-07 20:13:22,503 - INFO -       -> 候选 [Q27968] 英语研究 | 得分: 15
2026-04-07 20:13:22,503 - INFO -    ✅ 链接成功！将提及词【英语】链接至全球图谱节点: 英语 (Q1860)

2026-04-07 20:13:22,503 - INFO - 🔍 正在处理文本提及词: 【1931年】
2026-04-07 20:13:23,022 - INFO -    找到 5 个关于 '1931年' 的候选实体，计算相似度...
2026-04-07 20:13:23,022 - INFO -       -> 候选 [Q18782] 1931年 | 得分: 103
2026-04-07 20:13:23,022 - INFO -       -> 候选 [Q918375] 1931年英国国会选举 | 得分: 15
2026-04-07 20:13:23,023 - INFO -       -> 候选 [Q508539] 第4届奥斯卡金像奖 | 得分: 7
2026-04-07 20:13:23,023 - INFO -       -> 候选 [Q719883] 1931年西敏法令 | 得分: 13
2026-04-07 20:13:23,023 - INFO -       -> 候选 [Q379467] 1931年环法自由车赛 | 得分: 13
2026-04-07 20:13:23,023 - INFO -    ✅ 链接成功！将提及词【1931年】链接至全球图谱节点: 1931年 (Q18782)

2026-04-07 20:13:23,023 - INFO - 🔍 正在处理文本提及词: 【图灵机】
2026-04-07 20:13:23,557 - INFO -    找到 2 个关于 '图灵机' 的候选实体，计算相似度...
2026-04-07 20:13:23,557 - INFO -       -> 候选 [Q163310] 图灵机 | 得分: 105
2026-04-07 20:13:23,557 - INFO -       -> 候选 [Q121185644] 图灵机的神话:功能主义及相关论题的失败 | 得分: 16
2026-04-07 20:13:23,557 - INFO -    ✅ 链接成功！将提及词【图灵机】链接至全球图谱节点: 图灵机 (Q163310)

2026-04-07 20:13:23,557 - INFO - 🔍 正在处理文本提及词: 【哥德尔】
2026-04-07 20:13:24,108 - INFO -    找到 5 个关于 '哥德尔' 的候选实体，计算相似度...
2026-04-07 20:13:24,108 - INFO -       -> 候选 [Q41390] 库尔特·弗雷德里希·哥德尔 | 得分: 22
2026-04-07 20:13:24,108 - INFO -       -> 候选 [Q19902320] 哥德尔 | 得分: 102
2026-04-07 20:13:24,109 - INFO -       -> 候选 [Q200787] 哥德尔不完备定理 | 得分: 21
2026-04-07 20:13:24,109 - INFO -       -> 候选 [Q1417143] 哥德尔奖 | 得分: 13
2026-04-07 20:13:24,109 - INFO -       -> 候选 [Q831517] 哥德尔、埃舍尔、巴赫：一条永恒的金带 | 得分: 16
2026-04-07 20:13:24,109 - INFO -    ✅ 链接成功！将提及词【哥德尔】链接至全球图谱节点: 哥德尔 (Q19902320)

2026-04-07 20:13:24,109 - INFO - 🔍 正在处理文本提及词: 【通用】
2026-04-07 20:13:24,628 - INFO -    找到 5 个关于 '通用' 的候选实体，计算相似度...
2026-04-07 20:13:24,629 - INFO -       -> 候选 [Q81965] 通用汽车公司 | 得分: 13
2026-04-07 20:13:24,629 - INFO -       -> 候选 [Q2018526] 艺术领域 | 得分: 15
2026-04-07 20:13:24,629 - INFO -       -> 候选 [Q905695] UniProt | 得分: 5
2026-04-07 20:13:24,629 - INFO -       -> 候选 [Q1571929] 通用航空 | 得分: 13
2026-04-07 20:13:24,629 - INFO -       -> 候选 [Q54173] 通用电气 | 得分: 12
2026-04-07 20:13:24,629 - INFO -    ✅ 链接成功！将提及词【通用】链接至全球图谱节点: 艺术领域 (Q2018526)

2026-04-07 20:13:24,629 - INFO - 🔍 正在处理文本提及词: 【图灵机】
2026-04-07 20:13:25,179 - INFO -    找到 2 个关于 '图灵机' 的候选实体，计算相似度...
2026-04-07 20:13:25,179 - INFO -       -> 候选 [Q163310] 图灵机 | 得分: 105
2026-04-07 20:13:25,179 - INFO -       -> 候选 [Q121185644] 图灵机的神话:功能主义及相关论题的失败 | 得分: 16
2026-04-07 20:13:25,179 - INFO -    ✅ 链接成功！将提及词【图灵机】链接至全球图谱节点: 图灵机 (Q163310)

2026-04-07 20:13:25,179 - INFO - 🔍 正在处理文本提及词: 【图灵机】
2026-04-07 20:13:25,695 - INFO -    找到 2 个关于 '图灵机' 的候选实体，计算相似度...
2026-04-07 20:13:25,695 - INFO -       -> 候选 [Q163310] 图灵机 | 得分: 105
2026-04-07 20:13:25,695 - INFO -       -> 候选 [Q121185644] 图灵机的神话:功能主义及相关论题的失败 | 得分: 16
2026-04-07 20:13:25,695 - INFO -    ✅ 链接成功！将提及词【图灵机】链接至全球图谱节点: 图灵机 (Q163310)

2026-04-07 20:13:25,695 - INFO - 🔍 正在处理文本提及词: 【他】
2026-04-07 20:13:25,695 - INFO - 这是一个代词，跳过
2026-04-07 20:13:25,695 - INFO - 🔍 正在处理文本提及词: 【他】
2026-04-07 20:13:25,695 - INFO - 这是一个代词，跳过
2026-04-07 20:13:25,695 - INFO - 🔍 正在处理文本提及词: 【图灵机】
2026-04-07 20:13:26,245 - INFO -    找到 2 个关于 '图灵机' 的候选实体，计算相似度...
2026-04-07 20:13:26,245 - INFO -       -> 候选 [Q163310] 图灵机 | 得分: 105
2026-04-07 20:13:26,245 - INFO -       -> 候选 [Q121185644] 图灵机的神话:功能主义及相关论题的失败 | 得分: 16
2026-04-07 20:13:26,245 - INFO -    ✅ 链接成功！将提及词【图灵机】链接至全球图谱节点: 图灵机 (Q163310)

2026-04-07 20:13:26,245 - INFO - 🔍 正在处理文本提及词: 【他】
2026-04-07 20:13:26,245 - INFO - 这是一个代词，跳过
2026-04-07 20:13:26,245 - INFO - 🔍 正在处理文本提及词: 【阿隆佐·邱奇】
2026-04-07 20:13:27,237 - INFO -    找到 1 个关于 '阿隆佐·邱奇' 的候选实体，计算相似度...
2026-04-07 20:13:27,237 - INFO -       -> 候选 [Q92741] 阿隆佐·邱奇 | 得分: 108
2026-04-07 20:13:27,237 - INFO -    ✅ 链接成功！将提及词【阿隆佐·邱奇】链接至全球图谱节点: 阿隆佐·邱奇 (Q92741)

2026-04-07 20:13:27,237 - INFO - 🔍 正在处理文本提及词: 【几个月】
2026-04-07 20:13:27,841 - INFO -    [未找到候选] 将 '几个月' 标记为 NIL (无链接实体)

2026-04-07 20:13:27,841 - INFO - 🔍 正在处理文本提及词: 【他】
2026-04-07 20:13:27,841 - INFO - 这是一个代词，跳过
2026-04-07 20:13:27,841 - INFO - 🔍 正在处理文本提及词: 【通用】
2026-04-07 20:13:28,434 - INFO -    找到 5 个关于 '通用' 的候选实体，计算相似度...
2026-04-07 20:13:28,434 - INFO -       -> 候选 [Q81965] 通用汽车公司 | 得分: 13
2026-04-07 20:13:28,434 - INFO -       -> 候选 [Q2018526] 艺术领域 | 得分: 15
2026-04-07 20:13:28,434 - INFO -       -> 候选 [Q905695] UniProt | 得分: 5
2026-04-07 20:13:28,434 - INFO -       -> 候选 [Q1571929] 通用航空 | 得分: 13
2026-04-07 20:13:28,434 - INFO -       -> 候选 [Q54173] 通用电气 | 得分: 12
2026-04-07 20:13:28,434 - INFO -    ✅ 链接成功！将提及词【通用】链接至全球图谱节点: 艺术领域 (Q2018526)

2026-04-07 20:13:28,434 - INFO - 🔍 正在处理文本提及词: 【1936年9月到1938年7月】
2026-04-07 20:13:29,048 - INFO -    [未找到候选] 将 '1936年9月到1938年7月' 标记为 NIL (无链接实体)

2026-04-07 20:13:29,048 - INFO - 🔍 正在处理文本提及词: 【普林斯顿大学】
2026-04-07 20:13:29,707 - INFO -    找到 5 个关于 '普林斯顿大学' 的候选实体，计算相似度...
2026-04-07 20:13:29,707 - INFO -       -> 候选 [Q21578] 普林斯顿大学 | 得分: 107
2026-04-07 20:13:29,707 - INFO -       -> 候选 [Q48741567] 普林斯顿大学建筑学院 | 得分: 14
2026-04-07 20:13:29,707 - INFO -       -> 候选 [Q7245012] 普林斯顿大学虎队 | 得分: 13
2026-04-07 20:13:29,707 - INFO -       -> 候选 [Q7245024] 普林斯顿大学心理学教研室 | 得分: 12
2026-04-07 20:13:29,707 - INFO -       -> 候选 [Q60742972] 普林斯顿大学数学系 | 得分: 13
2026-04-07 20:13:29,707 - INFO -    ✅ 链接成功！将提及词【普林斯顿大学】链接至全球图谱节点: 普林斯顿大学 (Q21578)

2026-04-07 20:13:29,707 - INFO - 🔍 正在处理文本提及词: 【第二年】
2026-04-07 20:13:30,237 - INFO -    [未找到候选] 将 '第二年' 标记为 NIL (无链接实体)

2026-04-07 20:13:30,237 - INFO - 🔍 正在处理文本提及词: 【简·伊丽莎·宝洁奖学金】
2026-04-07 20:13:30,755 - INFO -    [未找到候选] 将 '简·伊丽莎·宝洁奖学金' 标记为 NIL (无链接实体)

2026-04-07 20:13:30,755 - INFO - 🔍 正在处理文本提及词: 【Jane Eliza】
2026-04-07 20:13:32,322 - INFO -    找到 5 个关于 'Jane Eliza' 的候选实体，计算相似度...
2026-04-07 20:13:32,324 - INFO -       -> 候选 [Q237778] 仙·菲利普斯 | 得分: 2
2026-04-07 20:13:32,324 - INFO -       -> 候选 [Q67225396] Jane Pirkis | 得分: 2
2026-04-07 20:13:32,324 - INFO -       -> 候选 [Q29642886] Jane Harding | 得分: 2
2026-04-07 20:13:32,324 - INFO -       -> 候选 [Q239558] 珍·李维斯 | 得分: 2
2026-04-07 20:13:32,324 - INFO -       -> 候选 [Q34775647] Jane Elizabeth Norman | 得分: 12
2026-04-07 20:13:32,324 - INFO -    ✅ 链接成功！将提及词【Jane Eliza】链接至全球图谱节点: Jane Elizabeth Norman (Q34775647)

2026-04-07 20:13:32,324 - INFO - 🔍 正在处理文本提及词: 【他】
2026-04-07 20:13:32,324 - INFO - 这是一个代词，跳过
2026-04-07 20:13:32,324 - INFO - 🔍 正在处理文本提及词: 【他】
2026-04-07 20:13:32,324 - INFO - 这是一个代词，跳过
2026-04-07 20:13:32,324 - INFO - 🔍 正在处理文本提及词: 【二】
2026-04-07 20:13:32,949 - INFO -    找到 5 个关于 '二' 的候选实体，计算相似度...
2026-04-07 20:13:32,949 - INFO -       -> 候选 [Q200] 2 | 得分: 2
2026-04-07 20:13:32,949 - INFO -       -> 候选 [Q93320] 二部 | 得分: 11
2026-04-07 20:13:32,949 - INFO -       -> 候选 [Q3594928] 二 | 得分: 101
2026-04-07 20:13:32,949 - INFO -       -> 候选 [Q362] 第二次世界大战 | 得分: 16
2026-04-07 20:13:32,949 - INFO -       -> 候选 [Q28513] 奥匈帝国 | 得分: 3
2026-04-07 20:13:32,949 - INFO -    ✅ 链接成功！将提及词【二】链接至全球图谱节点: 二 (Q3594928)

2026-04-07 20:13:32,949 - INFO - 🔍 正在处理文本提及词: 【四】
2026-04-07 20:13:33,511 - INFO -    找到 5 个关于 '四' 的候选实体，计算相似度...
2026-04-07 20:13:33,511 - INFO -       -> 候选 [Q202] 4 | 得分: 2
2026-04-07 20:13:33,511 - INFO -       -> 候选 [Q3594955] 四 | 得分: 101
2026-04-07 20:13:33,511 - INFO -       -> 候选 [Q118] 4月 | 得分: 5
2026-04-07 20:13:33,511 - INFO -       -> 候选 [Q42339] 菜豆 | 得分: 3
2026-04-07 20:13:33,511 - INFO -       -> 候选 [Q19770] 四川省 | 得分: 11
2026-04-07 20:13:33,511 - INFO -    ✅ 链接成功！将提及词【四】链接至全球图谱节点: 四 (Q3594955)

2026-04-07 20:13:33,511 - INFO - 🔍 正在处理文本提及词: 【三】
2026-04-07 20:13:34,097 - INFO -    找到 5 个关于 '三' 的候选实体，计算相似度...
2026-04-07 20:13:34,097 - INFO -       -> 候选 [Q201] 3 | 得分: 2
2026-04-07 20:13:34,097 - INFO -       -> 候选 [Q614108] 三 | 得分: 101
2026-04-07 20:13:34,098 - INFO -       -> 候选 [Q865] 中华民国 | 得分: 1
2026-04-07 20:13:34,098 - INFO -       -> 候选 [Q62] 旧金山 | 得分: 2
2026-04-07 20:13:34,098 - INFO -       -> 候选 [Q3594920] 三 | 得分: 101
2026-04-07 20:13:34,098 - INFO -    ✅ 链接成功！将提及词【三】链接至全球图谱节点: 三 (Q614108)

2026-04-07 20:13:34,098 - INFO - 🔍 正在处理文本提及词: 【1938年6月】
2026-04-07 20:13:34,618 - INFO -    找到 5 个关于 '1938年6月' 的候选实体，计算相似度...
2026-04-07 20:13:34,618 - INFO -       -> 候选 [Q3188238] 1938年6月 | 得分: 105
2026-04-07 20:13:34,618 - INFO -       -> 候选 [Q41685458] 1938年6月19日 | 得分: 16
2026-04-07 20:13:34,618 - INFO -       -> 候选 [Q41566408] 1938年6月21日 | 得分: 16
2026-04-07 20:13:34,618 - INFO -       -> 候选 [Q69272990] 1938年6月1日 | 得分: 17
2026-04-07 20:13:34,619 - INFO -       -> 候选 [Q69273017] 1938年6月18日 | 得分: 16
2026-04-07 20:13:34,619 - INFO -    ✅ 链接成功！将提及词【1938年6月】链接至全球图谱节点: 1938年6月 (Q3188238)

2026-04-07 20:13:34,619 - INFO - 🔍 正在处理文本提及词: 【林斯顿】
2026-04-07 20:13:35,119 - INFO -    [未找到候选] 将 '林斯顿' 标记为 NIL (无链接实体)

2026-04-07 20:13:35,119 - INFO - 🔍 正在处理文本提及词: 【他】
2026-04-07 20:13:35,119 - INFO - 这是一个代词，跳过
2026-04-07 20:13:35,119 - INFO - 🔍 正在处理文本提及词: 【图灵机】
2026-04-07 20:13:35,594 - INFO -    找到 2 个关于 '图灵机' 的候选实体，计算相似度...
2026-04-07 20:13:35,594 - INFO -       -> 候选 [Q163310] 图灵机 | 得分: 105
2026-04-07 20:13:35,595 - INFO -       -> 候选 [Q121185644] 图灵机的神话:功能主义及相关论题的失败 | 得分: 16
2026-04-07 20:13:35,595 - INFO -    ✅ 链接成功！将提及词【图灵机】链接至全球图谱节点: 图灵机 (Q163310)

2026-04-07 20:13:35,595 - INFO - 🔍 正在处理文本提及词: 【冯·诺依曼】
2026-04-07 20:13:36,133 - INFO -    找到 5 个关于 '冯·诺依曼' 的候选实体，计算相似度...
2026-04-07 20:13:36,133 - INFO -       -> 候选 [Q189088] 冯·诺伊曼结构 | 得分: 5
2026-04-07 20:13:36,133 - INFO -       -> 候选 [Q1970172] 冯诺依曼代数 | 得分: 6
2026-04-07 20:13:36,133 - INFO -       -> 候选 [Q898178] 冯·诺依曼探测器 | 得分: 14
2026-04-07 20:13:36,133 - INFO -       -> 候选 [Q6961323] 冯纽曼熵 | 得分: 3
2026-04-07 20:13:36,133 - INFO -       -> 候选 [Q1554323] 冯诺依曼邻域 | 得分: 1
2026-04-07 20:13:36,133 - INFO -    ✅ 链接成功！将提及词【冯·诺依曼】链接至全球图谱节点: 冯·诺依曼探测器 (Q898178)

2026-04-07 20:13:36,133 - INFO - 🔍 正在处理文本提及词: 【他】
2026-04-07 20:13:36,133 - INFO - 这是一个代词，跳过
2026-04-07 20:13:36,133 - INFO - 🔍 正在处理文本提及词: 【他】
2026-04-07 20:13:36,133 - INFO - 这是一个代词，跳过
2026-04-07 20:13:36,133 - INFO - 🔍 正在处理文本提及词: 【英国】
2026-04-07 20:13:37,764 - INFO -    找到 5 个关于 '英国' 的候选实体，计算相似度...
2026-04-07 20:13:37,764 - INFO -       -> 候选 [Q145] 英国 | 得分: 104
2026-04-07 20:13:37,764 - INFO -       -> 候选 [Q34433] 牛津大学 | 得分: 5
2026-04-07 20:13:37,764 - INFO -       -> 候选 [Q35794] 剑桥大学 | 得分: 6
2026-04-07 20:13:37,765 - INFO -       -> 候选 [Q123885] 英国皇家学会 | 得分: 19
2026-04-07 20:13:37,765 - INFO -       -> 候选 [Q9531] 英国广播公司 | 得分: 14
2026-04-07 20:13:37,765 - INFO -    ✅ 链接成功！将提及词【英国】链接至全球图谱节点: 英国 (Q145)

2026-04-07 20:13:37,765 - INFO - 🔍 正在处理文本提及词: 【1939年】
2026-04-07 20:13:38,365 - INFO -    找到 5 个关于 '1939年' 的候选实体，计算相似度...
2026-04-07 20:13:38,365 - INFO -       -> 候选 [Q18639] 1939年 | 得分: 103
2026-04-07 20:13:38,365 - INFO -       -> 候选 [Q4564480] 1939年 | 得分: 104
2026-04-07 20:13:38,365 - INFO -       -> 候选 [Q2547676] 法国英勇十字荣誉勋章 | 得分: 4
2026-04-07 20:13:38,365 - INFO -       -> 候选 [Q188925] 诺门罕战役 | 得分: 4
2026-04-07 20:13:38,365 - INFO -       -> 候选 [Q508390] 第11届奥斯卡金像奖 | 得分: 7
2026-04-07 20:13:38,365 - INFO -    ✅ 链接成功！将提及词【1939年】链接至全球图谱节点: 1939年 (Q4564480)

2026-04-07 20:13:38,365 - INFO - 🔍 正在处理文本提及词: 【剑桥】
2026-04-07 20:13:38,906 - INFO -    找到 5 个关于 '剑桥' 的候选实体，计算相似度...
2026-04-07 20:13:38,906 - INFO -       -> 候选 [Q350] 剑桥 | 得分: 103
2026-04-07 20:13:38,906 - INFO -       -> 候选 [Q49111] 剑桥 | 得分: 103
2026-04-07 20:13:38,907 - INFO -       -> 候选 [Q1028279] 剑桥 | 得分: 105
2026-04-07 20:13:38,907 - INFO -       -> 候选 [Q21713103] 剑桥 | 得分: 103
2026-04-07 20:13:38,907 - INFO -       -> 候选 [Q249454] 剑桥 | 得分: 103
2026-04-07 20:13:38,907 - INFO -    ✅ 链接成功！将提及词【剑桥】链接至全球图谱节点: 剑桥 (Q1028279)

2026-04-07 20:13:38,907 - INFO - 🔍 正在处理文本提及词: 【Foundations of mathe】
2026-04-07 20:13:39,557 - INFO -    找到 5 个关于 'Foundations of mathe' 的候选实体，计算相似度...
2026-04-07 20:13:39,558 - INFO -       -> 候选 [Q833585] 数学基础 | 得分: 5
2026-04-07 20:13:39,558 - INFO -       -> 候选 [Q5612089] Grundlagen der Mathematik | 得分: 2
2026-04-07 20:13:39,558 - INFO -       -> 候选 [Q47676461] Foundations of mathematics and literacy: The role of executive functioning components | 得分: 19
2026-04-07 20:13:39,558 - INFO -       -> 候选 [Q59890531] Foundations of Mathematics | 得分: 3
2026-04-07 20:13:39,558 - INFO -       -> 候选 [Q113826621] Foundations of Mathematical Biology. Volume I: Subcellular Systems. Robert Rosen Foundations of Mathematical Biology. Volume II: Cellular Systems. Robert Rosen | 得分: 9
2026-04-07 20:13:39,558 - INFO -    ✅ 链接成功！将提及词【Foundations of mathe】链接至全球图谱节点: Foundations of mathematics and literacy: The role of executive functioning components (Q47676461)

2026-04-07 20:13:39,558 - INFO - 🔍 正在处理文本提及词: 【第二次世界大战】
2026-04-07 20:13:40,119 - INFO -    找到 5 个关于 '第二次世界大战' 的候选实体，计算相似度...
2026-04-07 20:13:40,119 - INFO -       -> 候选 [Q362] 第二次世界大战 | 得分: 106
2026-04-07 20:13:40,120 - INFO -       -> 候选 [Q2547676] 法国英勇十字荣誉勋章 | 得分: 4
2026-04-07 20:13:40,120 - INFO -       -> 候选 [Q2094191] 第二次世界大战抵抗运动 | 得分: 14
2026-04-07 20:13:40,120 - INFO -       -> 候选 [Q622365] 第二次世界大战欧战胜利纪念日 | 得分: 19
2026-04-07 20:13:40,120 - INFO -       -> 候选 [Q44700] 第二次世界大战欧洲战场 | 得分: 14
2026-04-07 20:13:40,120 - INFO -    ✅ 链接成功！将提及词【第二次世界大战】链接至全球图谱节点: 第二次世界大战 (Q362)

2026-04-07 20:13:40,120 - INFO - 🔍 正在处理文本提及词: 【德国】
2026-04-07 20:13:40,657 - INFO -    找到 5 个关于 '德国' 的候选实体，计算相似度...
2026-04-07 20:13:40,657 - INFO -       -> 候选 [Q183] 德国 | 得分: 104
2026-04-07 20:13:40,657 - INFO -       -> 候选 [Q49768] 德国社会民主党 | 得分: 12
2026-04-07 20:13:40,657 - INFO -       -> 候选 [Q49762] 德国基督教民主联盟 | 得分: 13
2026-04-07 20:13:40,657 - INFO -       -> 候选 [Q82595] 德国足球甲级联赛 | 得分: 14
2026-04-07 20:13:40,657 - INFO -       -> 候选 [Q81110] 德国镜鲤 | 得分: 14
2026-04-07 20:13:40,657 - INFO -    ✅ 链接成功！将提及词【德国】链接至全球图谱节点: 德国 (Q183)

2026-04-07 20:13:40,657 - INFO - 🔍 正在处理文本提及词: 【1938年9月】
2026-04-07 20:13:41,192 - INFO -    找到 5 个关于 '1938年9月' 的候选实体，计算相似度...
2026-04-07 20:13:41,192 - INFO -       -> 候选 [Q3478957] 1938年9月 | 得分: 105
2026-04-07 20:13:41,193 - INFO -       -> 候选 [Q69273139] 1938年9月16日 | 得分: 17
2026-04-07 20:13:41,193 - INFO -       -> 候选 [Q50308241] 1938年9月28日 | 得分: 16
2026-04-07 20:13:41,193 - INFO -       -> 候选 [Q69273129] 1938年9月5日 | 得分: 16
2026-04-07 20:13:41,193 - INFO -       -> 候选 [Q69273136] 1938年9月13日 | 得分: 16
2026-04-07 20:13:41,193 - INFO -    ✅ 链接成功！将提及词【1938年9月】链接至全球图谱节点: 1938年9月 (Q3478957)

2026-04-07 20:13:41,193 - INFO - 🔍 正在处理文本提及词: 【英国】
2026-04-07 20:13:41,751 - INFO -    找到 5 个关于 '英国' 的候选实体，计算相似度...
2026-04-07 20:13:41,751 - INFO -       -> 候选 [Q145] 英国 | 得分: 104
2026-04-07 20:13:41,751 - INFO -       -> 候选 [Q34433] 牛津大学 | 得分: 5
2026-04-07 20:13:41,752 - INFO -       -> 候选 [Q35794] 剑桥大学 | 得分: 6
2026-04-07 20:13:41,752 - INFO -       -> 候选 [Q123885] 英国皇家学会 | 得分: 19
2026-04-07 20:13:41,752 - INFO -       -> 候选 [Q9531] 英国广播公司 | 得分: 14
2026-04-07 20:13:41,752 - INFO -    ✅ 链接成功！将提及词【英国】链接至全球图谱节点: 英国 (Q145)

2026-04-07 20:13:41,752 - INFO - 🔍 正在处理文本提及词: 【他】
2026-04-07 20:13:41,752 - INFO - 这是一个代词，跳过
2026-04-07 20:13:41,752 - INFO - 🔍 正在处理文本提及词: 【第利】
2026-04-07 20:13:42,283 - INFO -    找到 1 个关于 '第利' 的候选实体，计算相似度...
2026-04-07 20:13:42,283 - INFO -       -> 候选 [Q318252] 第利温·诺克斯 | 得分: 17
2026-04-07 20:13:42,283 - INFO -    ✅ 链接成功！将提及词【第利】链接至全球图谱节点: 第利温·诺克斯 (Q318252)

2026-04-07 20:13:42,283 - INFO - 🔍 正在处理文本提及词: 【温·诺克斯】
2026-04-07 20:13:42,830 - INFO -    [未找到候选] 将 '温·诺克斯' 标记为 NIL (无链接实体)

2026-04-07 20:13:42,830 - INFO - 🔍 正在处理文本提及词: 【德国】
2026-04-07 20:13:43,363 - INFO -    找到 5 个关于 '德国' 的候选实体，计算相似度...
2026-04-07 20:13:43,363 - INFO -       -> 候选 [Q183] 德国 | 得分: 104
2026-04-07 20:13:43,364 - INFO -       -> 候选 [Q49768] 德国社会民主党 | 得分: 12
2026-04-07 20:13:43,364 - INFO -       -> 候选 [Q49762] 德国基督教民主联盟 | 得分: 13
2026-04-07 20:13:43,364 - INFO -       -> 候选 [Q82595] 德国足球甲级联赛 | 得分: 14
2026-04-07 20:13:43,364 - INFO -       -> 候选 [Q81110] 德国镜鲤 | 得分: 14
2026-04-07 20:13:43,364 - INFO -    ✅ 链接成功！将提及词【德国】链接至全球图谱节点: 德国 (Q183)

2026-04-07 20:13:43,364 - INFO - 🔍 正在处理文本提及词: 【恩尼格玛】
2026-04-07 20:13:44,066 - INFO -    找到 2 个关于 '恩尼格玛' 的候选实体，计算相似度...
2026-04-07 20:13:44,066 - INFO -       -> 候选 [Q150758] 恩尼格玛密码机 | 得分: 16
2026-04-07 20:13:44,066 - INFO -       -> 候选 [Q2665859] 恩尼格玛的破译 | 得分: 19
2026-04-07 20:13:44,066 - INFO -    ✅ 链接成功！将提及词【恩尼格玛】链接至全球图谱节点: 恩尼格玛的破译 (Q2665859)

2026-04-07 20:13:44,066 - INFO - 🔍 正在处理文本提及词: 【1939年7月】
2026-04-07 20:13:44,587 - INFO -    找到 5 个关于 '1939年7月' 的候选实体，计算相似度...
2026-04-07 20:13:44,588 - INFO -       -> 候选 [Q3188175] 1939年7月 | 得分: 105
2026-04-07 20:13:44,588 - INFO -       -> 候选 [Q67187934] 1939年7月1日 | 得分: 17
2026-04-07 20:13:44,588 - INFO -       -> 候选 [Q59575882] 1939年7月10日 | 得分: 17
2026-04-07 20:13:44,588 - INFO -       -> 候选 [Q69273580] 1939年7月6日 | 得分: 17
2026-04-07 20:13:44,588 - INFO -       -> 候选 [Q69273610] 1939年7月25日 | 得分: 16
2026-04-07 20:13:44,588 - INFO -    ✅ 链接成功！将提及词【1939年7月】链接至全球图谱节点: 1939年7月 (Q3188175)

2026-04-07 20:13:44,588 - INFO - 🔍 正在处理文本提及词: 【波兰】
2026-04-07 20:13:45,134 - INFO -    找到 5 个关于 '波兰' 的候选实体，计算相似度...
2026-04-07 20:13:45,134 - INFO -       -> 候选 [Q36] 波兰 | 得分: 102
2026-04-07 20:13:45,134 - INFO -       -> 候选 [Q1628547] 波兰 | 得分: 102
2026-04-07 20:13:45,134 - INFO -       -> 候选 [Q35275] 波兰 | 得分: 102
2026-04-07 20:13:45,134 - INFO -       -> 候选 [Q204930] 波兰 | 得分: 103
2026-04-07 20:13:45,134 - INFO -       -> 候选 [Q7208883] 波兰 | 得分: 103
2026-04-07 20:13:45,134 - INFO -    ✅ 链接成功！将提及词【波兰】链接至全球图谱节点: 波兰 (Q204930)

2026-04-07 20:13:45,134 - INFO - 🔍 正在处理文本提及词: 【华沙】
2026-04-07 20:13:46,035 - INFO -    找到 5 个关于 '华沙' 的候选实体，计算相似度...
2026-04-07 20:13:46,035 - INFO -       -> 候选 [Q270] 华沙 | 得分: 103
2026-04-07 20:13:46,035 - INFO -       -> 候选 [Q1919763] 华沙 | 得分: 104
2026-04-07 20:13:46,035 - INFO -       -> 候选 [Q7970879] 华沙 | 得分: 102
2026-04-07 20:13:46,035 - INFO -       -> 候选 [Q967161] 华沙 | 得分: 103
2026-04-07 20:13:46,035 - INFO -       -> 候选 [Q106494408] 华沙 | 得分: 102
2026-04-07 20:13:46,035 - INFO -    ✅ 链接成功！将提及词【华沙】链接至全球图谱节点: 华沙 (Q1919763)

2026-04-07 20:13:46,035 - INFO - 🔍 正在处理文本提及词: 【英国】
2026-04-07 20:13:46,937 - INFO -    找到 5 个关于 '英国' 的候选实体，计算相似度...
2026-04-07 20:13:46,937 - INFO -       -> 候选 [Q145] 英国 | 得分: 104
2026-04-07 20:13:46,937 - INFO -       -> 候选 [Q34433] 牛津大学 | 得分: 5
2026-04-07 20:13:46,937 - INFO -       -> 候选 [Q35794] 剑桥大学 | 得分: 6
2026-04-07 20:13:46,937 - INFO -       -> 候选 [Q123885] 英国皇家学会 | 得分: 19
2026-04-07 20:13:46,937 - INFO -       -> 候选 [Q9531] 英国广播公司 | 得分: 14
2026-04-07 20:13:46,937 - INFO -    ✅ 链接成功！将提及词【英国】链接至全球图谱节点: 英国 (Q145)

2026-04-07 20:13:46,937 - INFO - 🔍 正在处理文本提及词: 【法国】
2026-04-07 20:13:47,460 - INFO -    找到 5 个关于 '法国' 的候选实体，计算相似度...
2026-04-07 20:13:47,460 - INFO -       -> 候选 [Q142] 法国 | 得分: 102
2026-04-07 20:13:47,460 - INFO -       -> 候选 [Q58296] 法兰西第一共和国 | 得分: 5
2026-04-07 20:13:47,460 - INFO -       -> 候选 [Q70802] 法兰西第三共和国 | 得分: 4
2026-04-07 20:13:47,460 - INFO -       -> 候选 [Q5478259] 法国 | 得分: 102
2026-04-07 20:13:47,461 - INFO -       -> 候选 [Q71092] 法兰西第二帝国 | 得分: 5
2026-04-07 20:13:47,461 - INFO -    ✅ 链接成功！将提及词【法国】链接至全球图谱节点: 法国 (Q142)

2026-04-07 20:13:47,461 - INFO - 🔍 正在处理文本提及词: 【恩尼格玛】
2026-04-07 20:13:48,055 - INFO -    找到 2 个关于 '恩尼格玛' 的候选实体，计算相似度...
2026-04-07 20:13:48,055 - INFO -       -> 候选 [Q150758] 恩尼格玛密码机 | 得分: 16
2026-04-07 20:13:48,055 - INFO -       -> 候选 [Q2665859] 恩尼格玛的破译 | 得分: 19
2026-04-07 20:13:48,055 - INFO -    ✅ 链接成功！将提及词【恩尼格玛】链接至全球图谱节点: 恩尼格玛的破译 (Q2665859)

2026-04-07 20:13:48,055 - INFO - 🔍 正在处理文本提及词: 【诺克斯】
2026-04-07 20:13:48,708 - INFO -    找到 5 个关于 '诺克斯' 的候选实体，计算相似度...
2026-04-07 20:13:48,708 - INFO -       -> 候选 [Q16871486] 洛氐 | 得分: 3
2026-04-07 20:13:48,708 - INFO -       -> 候选 [Q2169223] 诺克斯 | 得分: 103
2026-04-07 20:13:48,708 - INFO -       -> 候选 [Q3708287] 诺克斯 | 得分: 103
2026-04-07 20:13:48,708 - INFO -       -> 候选 [Q7045488] 诺克斯 | 得分: 104
2026-04-07 20:13:48,708 - INFO -       -> 候选 [Q502581] 诺克斯县 | 得分: 13
2026-04-07 20:13:48,708 - INFO -    ✅ 链接成功！将提及词【诺克斯】链接至全球图谱节点: 诺克斯 (Q7045488)

2026-04-07 20:13:48,708 - INFO - 🔍 正在处理文本提及词: 【波兰】
2026-04-07 20:13:49,326 - INFO -    找到 5 个关于 '波兰' 的候选实体，计算相似度...
2026-04-07 20:13:49,326 - INFO -       -> 候选 [Q36] 波兰 | 得分: 102
2026-04-07 20:13:49,326 - INFO -       -> 候选 [Q1628547] 波兰 | 得分: 102
2026-04-07 20:13:49,326 - INFO -       -> 候选 [Q35275] 波兰 | 得分: 102
2026-04-07 20:13:49,327 - INFO -       -> 候选 [Q204930] 波兰 | 得分: 103
2026-04-07 20:13:49,327 - INFO -       -> 候选 [Q7208883] 波兰 | 得分: 103
2026-04-07 20:13:49,327 - INFO -    ✅ 链接成功！将提及词【波兰】链接至全球图谱节点: 波兰 (Q204930)

2026-04-07 20:13:49,327 - INFO - 🔍 正在处理文本提及词: 【德国人】
2026-04-07 20:13:49,896 - INFO -    找到 5 个关于 '德国人' 的候选实体，计算相似度...
2026-04-07 20:13:49,896 - INFO -       -> 候选 [Q42884] 德意志人 | 得分: 9
2026-04-07 20:13:49,896 - INFO -       -> 候选 [Q316533] 德国人民党 | 得分: 12
2026-04-07 20:13:49,896 - INFO -       -> 候选 [Q505829] 德意志人民联盟 | 得分: 1
2026-04-07 20:13:49,896 - INFO -       -> 候选 [Q56040] 德国人民警察 | 得分: 13
2026-04-07 20:13:49,896 - INFO -       -> 候选 [Q1204390] 德意志人民党 | 得分: 2
2026-04-07 20:13:49,896 - INFO -    ✅ 链接成功！将提及词【德国人】链接至全球图谱节点: 德国人民警察 (Q56040)

2026-04-07 20:13:49,896 - INFO - 🔍 正在处理文本提及词: 【他】
2026-04-07 20:13:49,896 - INFO - 这是一个代词，跳过
2026-04-07 20:13:49,896 - INFO - 🔍 正在处理文本提及词: 【波兰】
2026-04-07 20:13:50,423 - INFO -    找到 5 个关于 '波兰' 的候选实体，计算相似度...
2026-04-07 20:13:50,423 - INFO -       -> 候选 [Q36] 波兰 | 得分: 102
2026-04-07 20:13:50,423 - INFO -       -> 候选 [Q1628547] 波兰 | 得分: 102
2026-04-07 20:13:50,423 - INFO -       -> 候选 [Q35275] 波兰 | 得分: 102
2026-04-07 20:13:50,423 - INFO -       -> 候选 [Q204930] 波兰 | 得分: 103
2026-04-07 20:13:50,423 - INFO -       -> 候选 [Q7208883] 波兰 | 得分: 103
2026-04-07 20:13:50,423 - INFO -    ✅ 链接成功！将提及词【波兰】链接至全球图谱节点: 波兰 (Q204930)

2026-04-07 20:13:50,423 - INFO - 🔍 正在处理文本提及词: 【1939年】
2026-04-07 20:13:50,930 - INFO -    找到 5 个关于 '1939年' 的候选实体，计算相似度...
2026-04-07 20:13:50,930 - INFO -       -> 候选 [Q18639] 1939年 | 得分: 103
2026-04-07 20:13:50,930 - INFO -       -> 候选 [Q4564480] 1939年 | 得分: 104
2026-04-07 20:13:50,930 - INFO -       -> 候选 [Q2547676] 法国英勇十字荣誉勋章 | 得分: 4
2026-04-07 20:13:50,930 - INFO -       -> 候选 [Q188925] 诺门罕战役 | 得分: 4
2026-04-07 20:13:50,930 - INFO -       -> 候选 [Q508390] 第11届奥斯卡金像奖 | 得分: 7
2026-04-07 20:13:50,930 - INFO -    ✅ 链接成功！将提及词【1939年】链接至全球图谱节点: 1939年 (Q4564480)

2026-04-07 20:13:50,930 - INFO - 🔍 正在处理文本提及词: 【英国皇家海军】
2026-04-07 20:13:51,474 - INFO -    找到 5 个关于 '英国皇家海军' 的候选实体，计算相似度...
2026-04-07 20:13:51,474 - INFO -       -> 候选 [Q172771] 英国皇家海军 | 得分: 103
2026-04-07 20:13:51,474 - INFO -       -> 候选 [Q1427735] 英国舰队航空兵 | 得分: 4
2026-04-07 20:13:51,474 - INFO -       -> 候选 [Q15089213] 格林威治皇家海军学院 | 得分: 4
2026-04-07 20:13:51,474 - INFO -       -> 候选 [Q598332] 英国海军情报局 | 得分: 1
2026-04-07 20:13:51,475 - INFO -       -> 候选 [Q5632121] 破坏者号战舰 (1871) | 得分: 4
2026-04-07 20:13:51,475 - INFO -    ✅ 链接成功！将提及词【英国皇家海军】链接至全球图谱节点: 英国皇家海军 (Q172771)

2026-04-07 20:13:51,475 - INFO - 🔍 正在处理文本提及词: 【英国】
2026-04-07 20:13:52,026 - INFO -    找到 5 个关于 '英国' 的候选实体，计算相似度...
2026-04-07 20:13:52,026 - INFO -       -> 候选 [Q145] 英国 | 得分: 104
2026-04-07 20:13:52,026 - INFO -       -> 候选 [Q34433] 牛津大学 | 得分: 5
2026-04-07 20:13:52,026 - INFO -       -> 候选 [Q35794] 剑桥大学 | 得分: 6
2026-04-07 20:13:52,027 - INFO -       -> 候选 [Q123885] 英国皇家学会 | 得分: 19
2026-04-07 20:13:52,027 - INFO -       -> 候选 [Q9531] 英国广播公司 | 得分: 14
2026-04-07 20:13:52,027 - INFO -    ✅ 链接成功！将提及词【英国】链接至全球图谱节点: 英国 (Q145)

2026-04-07 20:13:52,027 - INFO - 🔍 正在处理文本提及词: 【德国】
2026-04-07 20:13:52,527 - INFO -    找到 5 个关于 '德国' 的候选实体，计算相似度...
2026-04-07 20:13:52,528 - INFO -       -> 候选 [Q183] 德国 | 得分: 104
2026-04-07 20:13:52,528 - INFO -       -> 候选 [Q49768] 德国社会民主党 | 得分: 12
2026-04-07 20:13:52,528 - INFO -       -> 候选 [Q49762] 德国基督教民主联盟 | 得分: 13
2026-04-07 20:13:52,528 - INFO -       -> 候选 [Q82595] 德国足球甲级联赛 | 得分: 14
2026-04-07 20:13:52,528 - INFO -       -> 候选 [Q81110] 德国镜鲤 | 得分: 14
2026-04-07 20:13:52,528 - INFO -    ✅ 链接成功！将提及词【德国】链接至全球图谱节点: 德国 (Q183)

2026-04-07 20:13:52,528 - INFO - 🔍 正在处理文本提及词: 【两年后】
2026-04-07 20:13:53,047 - INFO -    [未找到候选] 将 '两年后' 标记为 NIL (无链接实体)

2026-04-07 20:13:53,047 - INFO - 🔍 正在处理文本提及词: 【他】
2026-04-07 20:13:53,047 - INFO - 这是一个代词，跳过
2026-04-07 20:13:53,047 - INFO - 🔍 正在处理文本提及词: 【德国】
2026-04-07 20:13:55,084 - INFO -    找到 5 个关于 '德国' 的候选实体，计算相似度...
2026-04-07 20:13:55,084 - INFO -       -> 候选 [Q183] 德国 | 得分: 104
2026-04-07 20:13:55,084 - INFO -       -> 候选 [Q49768] 德国社会民主党 | 得分: 12
2026-04-07 20:13:55,084 - INFO -       -> 候选 [Q49762] 德国基督教民主联盟 | 得分: 13
2026-04-07 20:13:55,084 - INFO -       -> 候选 [Q82595] 德国足球甲级联赛 | 得分: 14
2026-04-07 20:13:55,084 - INFO -       -> 候选 [Q81110] 德国镜鲤 | 得分: 14
2026-04-07 20:13:55,084 - INFO -    ✅ 链接成功！将提及词【德国】链接至全球图谱节点: 德国 (Q183)

2026-04-07 20:13:55,084 - INFO - 🔍 正在处理文本提及词: 【德国】
2026-04-07 20:13:55,953 - INFO -    找到 5 个关于 '德国' 的候选实体，计算相似度...
2026-04-07 20:13:55,953 - INFO -       -> 候选 [Q183] 德国 | 得分: 104
2026-04-07 20:13:55,953 - INFO -       -> 候选 [Q49768] 德国社会民主党 | 得分: 12
2026-04-07 20:13:55,954 - INFO -       -> 候选 [Q49762] 德国基督教民主联盟 | 得分: 13
2026-04-07 20:13:55,954 - INFO -       -> 候选 [Q82595] 德国足球甲级联赛 | 得分: 14
2026-04-07 20:13:55,954 - INFO -       -> 候选 [Q81110] 德国镜鲤 | 得分: 14
2026-04-07 20:13:55,954 - INFO -    ✅ 链接成功！将提及词【德国】链接至全球图谱节点: 德国 (Q183)

2026-04-07 20:13:55,954 - INFO - 🔍 正在处理文本提及词: 【他】
2026-04-07 20:13:55,954 - INFO - 这是一个代词，跳过
2026-04-07 20:13:55,954 - INFO - 🔍 正在处理文本提及词: 【两】
2026-04-07 20:13:56,592 - INFO -    找到 5 个关于 '两' 的候选实体，计算相似度...
2026-04-07 20:13:56,592 - INFO -       -> 候选 [Q876244] 两 | 得分: 105
2026-04-07 20:13:56,593 - INFO -       -> 候选 [Q7462] 宋朝 | 得分: 7
2026-04-07 20:13:56,593 - INFO -       -> 候选 [Q10908] 两栖动物 | 得分: 14
2026-04-07 20:13:56,593 - INFO -       -> 候选 [Q16967] 浙江省 | 得分: 1
2026-04-07 20:13:56,593 - INFO -       -> 候选 [Q181497] 两性异形 | 得分: 18
2026-04-07 20:13:56,593 - INFO -    ✅ 链接成功！将提及词【两】链接至全球图谱节点: 两 (Q876244)

2026-04-07 20:13:56,593 - INFO - 🔍 正在处理文本提及词: 【GC】
2026-04-07 20:13:57,132 - INFO -    找到 5 个关于 'GC' 的候选实体，计算相似度...
2026-04-07 20:13:57,132 - INFO -       -> 候选 [Q178940] GNU编译器套装 | 得分: 3
2026-04-07 20:13:57,132 - INFO -       -> 候选 [Q182172] 任天堂GameCube | 得分: 5
2026-04-07 20:13:57,132 - INFO -       -> 候选 [Q2911554] 博斯星表 | 得分: 1
2026-04-07 20:13:57,132 - INFO -       -> 候选 [Q201360] 苏黎世草蜢足球俱乐部 | 得分: 2
2026-04-07 20:13:57,132 - INFO -       -> 候选 [Q461644] 昏迷指数 | 得分: 5
2026-04-07 20:13:57,132 - INFO -    ✅ 链接成功！将提及词【GC】链接至全球图谱节点: 任天堂GameCube (Q182172)

2026-04-07 20:13:57,132 - INFO - 🔍 正在处理文本提及词: 【2012年4月】
2026-04-07 20:13:57,694 - INFO -    找到 5 个关于 '2012年4月' 的候选实体，计算相似度...
2026-04-07 20:13:57,694 - INFO -       -> 候选 [Q622013] 2012年4月 | 得分: 105
2026-04-07 20:13:57,694 - INFO -       -> 候选 [Q17981292] 2012年4月10日 | 得分: 17
2026-04-07 20:13:57,694 - INFO -       -> 候选 [Q17982702] 2012年4月2日 | 得分: 17
2026-04-07 20:13:57,694 - INFO -       -> 候选 [Q17981964] 2012年4月1日 | 得分: 17
2026-04-07 20:13:57,694 - INFO -       -> 候选 [Q13177238] 2012年4月8日 | 得分: 17
2026-04-07 20:13:57,694 - INFO -    ✅ 链接成功！将提及词【2012年4月】链接至全球图谱节点: 2012年4月 (Q622013)

2026-04-07 20:13:57,694 - INFO - 🔍 正在处理文本提及词: 【英国】
2026-04-07 20:13:58,250 - INFO -    找到 5 个关于 '英国' 的候选实体，计算相似度...
2026-04-07 20:13:58,250 - INFO -       -> 候选 [Q145] 英国 | 得分: 104
2026-04-07 20:13:58,250 - INFO -       -> 候选 [Q34433] 牛津大学 | 得分: 5
2026-04-07 20:13:58,251 - INFO -       -> 候选 [Q35794] 剑桥大学 | 得分: 6
2026-04-07 20:13:58,251 - INFO -       -> 候选 [Q123885] 英国皇家学会 | 得分: 19
2026-04-07 20:13:58,251 - INFO -       -> 候选 [Q9531] 英国广播公司 | 得分: 14
2026-04-07 20:13:58,251 - INFO -    ✅ 链接成功！将提及词【英国】链接至全球图谱节点: 英国 (Q145)

2026-04-07 20:13:58,251 - INFO - 🔍 正在处理文本提及词: 【他】
2026-04-07 20:13:58,251 - INFO - 这是一个代词，跳过
2026-04-07 20:13:58,251 - INFO - 🔍 正在处理文本提及词: 【一百周年】
2026-04-07 20:13:59,253 - INFO -    找到 1 个关于 '一百周年' 的候选实体，计算相似度...
2026-04-07 20:13:59,253 - INFO -       -> 候选 [Q48995876] 百年纪念 | 得分: 4
2026-04-07 20:13:59,253 - INFO -    ✅ 链接成功！将提及词【一百周年】链接至全球图谱节点: 百年纪念 (Q48995876)

2026-04-07 20:13:59,253 - INFO - 🔍 正在处理文本提及词: 【他】
2026-04-07 20:13:59,254 - INFO - 这是一个代词，跳过
2026-04-07 20:13:59,254 - INFO - 🔍 正在处理文本提及词: 【70 年】
2026-04-07 20:13:59,821 - INFO -    [未找到候选] 将 '70 年' 标记为 NIL (无链接实体)

2026-04-07 20:13:59,821 - INFO - 🔍 正在处理文本提及词: 【GCHQ】
2026-04-07 20:14:00,371 - INFO -    找到 5 个关于 'GCHQ' 的候选实体，计算相似度...
2026-04-07 20:14:00,372 - INFO -       -> 候选 [Q220798] 政府通信总部 | 得分: 5
2026-04-07 20:14:00,372 - INFO -       -> 候选 [Q16192124] 主任 | 得分: 7
2026-04-07 20:14:00,372 - INFO -       -> 候选 [Q5512985] GCHQ Bude | 得分: 13
2026-04-07 20:14:00,372 - INFO -       -> 候选 [Q16891577] GCHQ Scarborough | 得分: 12
2026-04-07 20:14:00,372 - INFO -       -> 候选 [Q39050143] GCHQ trade union ban | 得分: 13
2026-04-07 20:14:00,372 - INFO -    ✅ 链接成功！将提及词【GCHQ】链接至全球图谱节点: GCHQ Bude (Q5512985)

2026-04-07 20:14:00,372 - INFO - 🔍 正在处理文本提及词: 【两】
2026-04-07 20:14:00,936 - INFO -    找到 5 个关于 '两' 的候选实体，计算相似度...
2026-04-07 20:14:00,936 - INFO -       -> 候选 [Q876244] 两 | 得分: 105
2026-04-07 20:14:00,936 - INFO -       -> 候选 [Q7462] 宋朝 | 得分: 7
2026-04-07 20:14:00,936 - INFO -       -> 候选 [Q10908] 两栖动物 | 得分: 14
2026-04-07 20:14:00,936 - INFO -       -> 候选 [Q16967] 浙江省 | 得分: 1
2026-04-07 20:14:00,936 - INFO -       -> 候选 [Q181497] 两性异形 | 得分: 18
2026-04-07 20:14:00,936 - INFO -    ✅ 链接成功！将提及词【两】链接至全球图谱节点: 两 (Q876244)

2026-04-07 20:14:00,936 - INFO - 🔍 正在处理文本提及词: 【他】
2026-04-07 20:14:00,936 - INFO - 这是一个代词，跳过
2026-04-07 20:14:00,938 - INFO - 🔍 正在处理文本提及词: 【他】
2026-04-07 20:14:00,938 - INFO - 这是一个代词，跳过
2026-04-07 20:14:00,938 - INFO - 🔍 正在处理文本提及词: 【他】
2026-04-07 20:14:00,938 - INFO - 这是一个代词，跳过
2026-04-07 20:14:00,938 - INFO - 🔍 正在处理文本提及词: 【恩尼格玛】
2026-04-07 20:14:01,520 - INFO -    找到 2 个关于 '恩尼格玛' 的候选实体，计算相似度...
2026-04-07 20:14:01,520 - INFO -       -> 候选 [Q150758] 恩尼格玛密码机 | 得分: 16
2026-04-07 20:14:01,520 - INFO -       -> 候选 [Q2665859] 恩尼格玛的破译 | 得分: 19
2026-04-07 20:14:01,521 - INFO -    ✅ 链接成功！将提及词【恩尼格玛】链接至全球图谱节点: 恩尼格玛的破译 (Q2665859)

2026-04-07 20:14:01,521 - INFO - 🔍 正在处理文本提及词: 【Ronald Lewin】
2026-04-07 20:14:02,143 - INFO -    找到 4 个关于 'Ronald Lewin' 的候选实体，计算相似度...
2026-04-07 20:14:02,144 - INFO -       -> 候选 [Q1809301] Ron Lewin | 得分: 5
2026-04-07 20:14:02,144 - INFO -       -> 候选 [Q7365059] Ronald Lewin | 得分: 103
2026-04-07 20:14:02,144 - INFO -       -> 候选 [Q19545214] Ronald Levinsohn | 得分: 2
2026-04-07 20:14:02,144 - INFO -       -> 候选 [Q122949750] Ronald Lewin. &lt;italic&gt;The American Magic: Codes, Ciphers, and the Defeat of Japan&lt;/italic&gt;. New York: Farrar, Straus, Giroux. 1982. Pp. xv, 332. $14.95 | 得分: 23
2026-04-07 20:14:02,144 - INFO -    ✅ 链接成功！将提及词【Ronald Lewin】链接至全球图谱节点: Ronald Lewin (Q7365059)

2026-04-07 20:14:02,144 - INFO - 🔍 正在处理文本提及词: 【他】
2026-04-07 20:14:02,144 - INFO - 这是一个代词，跳过
2026-04-07 20:14:02,144 - INFO - 🔍 正在处理文本提及词: 【六月】
2026-04-07 20:14:02,689 - INFO -    找到 5 个关于 '六月' 的候选实体，计算相似度...
2026-04-07 20:14:02,689 - INFO -       -> 候选 [Q120] 6月 | 得分: 5
2026-04-07 20:14:02,689 - INFO -       -> 候选 [Q839146] 六月 | 得分: 102
2026-04-07 20:14:02,689 - INFO -       -> 候选 [Q2665] 6月24日 | 得分: 6
2026-04-07 20:14:02,689 - INFO -       -> 候选 [Q2623] 6月3日 | 得分: 6
2026-04-07 20:14:02,689 - INFO -       -> 候选 [Q2659] 6月29日 | 得分: 5
2026-04-07 20:14:02,689 - INFO -    ✅ 链接成功！将提及词【六月】链接至全球图谱节点: 六月 (Q839146)

2026-04-07 20:14:02,689 - INFO - 🔍 正在处理文本提及词: 【第一周】
2026-04-07 20:14:03,472 - INFO -    找到 1 个关于 '第一周' 的候选实体，计算相似度...
2026-04-07 20:14:03,472 - INFO -       -> 候选 [Q10457988] 第一周播剧场 | 得分: 12
2026-04-07 20:14:03,472 - INFO -    ✅ 链接成功！将提及词【第一周】链接至全球图谱节点: 第一周播剧场 (Q10457988)

2026-04-07 20:14:03,472 - INFO - 🔍 正在处理文本提及词: 【他】
2026-04-07 20:14:03,472 - INFO - 这是一个代词，跳过
2026-04-07 20:14:03,472 - INFO - 🔍 正在处理文本提及词: 【他】
2026-04-07 20:14:03,472 - INFO - 这是一个代词，跳过
2026-04-07 20:14:03,472 - INFO - 🔍 正在处理文本提及词: 【他】
2026-04-07 20:14:03,472 - INFO - 这是一个代词，跳过
2026-04-07 20:14:03,472 - INFO - 🔍 正在处理文本提及词: 【他】
2026-04-07 20:14:03,472 - INFO - 这是一个代词，跳过
2026-04-07 20:14:03,472 - INFO - 🔍 正在处理文本提及词: 【他】
2026-04-07 20:14:03,472 - INFO - 这是一个代词，跳过
2026-04-07 20:14:03,472 - INFO - 🔍 正在处理文本提及词: 【他】
2026-04-07 20:14:03,472 - INFO - 这是一个代词，跳过
2026-04-07 20:14:03,472 - INFO - 🔍 正在处理文本提及词: 【希尔顿】
2026-04-07 20:14:04,029 - INFO -    找到 5 个关于 '希尔顿' 的候选实体，计算相似度...
2026-04-07 20:14:04,029 - INFO -       -> 候选 [Q1158419] 希尔顿 | 得分: 104
2026-04-07 20:14:04,029 - INFO -       -> 候选 [Q16256942] 希尔顿 | 得分: 105
2026-04-07 20:14:04,030 - INFO -       -> 候选 [Q3785651] 希尔顿 | 得分: 104
2026-04-07 20:14:04,030 - INFO -       -> 候选 [Q2085484] 希尔顿 | 得分: 103
2026-04-07 20:14:04,030 - INFO -       -> 候选 [Q1001134] 希尔顿黑德岛 | 得分: 13
2026-04-07 20:14:04,030 - INFO -    ✅ 链接成功！将提及词【希尔顿】链接至全球图谱节点: 希尔顿 (Q16256942)

2026-04-07 20:14:04,030 - INFO - 🔍 正在处理文本提及词: 【他】
2026-04-07 20:14:04,030 - INFO - 这是一个代词，跳过
2026-04-07 20:14:04,030 - INFO - 🔍 正在处理文本提及词: 【他】
2026-04-07 20:14:04,030 - INFO - 这是一个代词，跳过
2026-04-07 20:14:04,030 - INFO - 🔍 正在处理文本提及词: 【8】
2026-04-07 20:14:04,561 - INFO -    找到 5 个关于 '8' 的候选实体，计算相似度...
2026-04-07 20:14:04,561 - INFO -       -> 候选 [Q23355] 8 | 得分: 102
2026-04-07 20:14:04,561 - INFO -       -> 候选 [Q2734213] 8 | 得分: 102
2026-04-07 20:14:04,561 - INFO -       -> 候选 [Q3142887] 8 | 得分: 102
2026-04-07 20:14:04,562 - INFO -       -> 候选 [Q122] 8月 | 得分: 15
2026-04-07 20:14:04,562 - INFO -       -> 候选 [Q2774] 8月15日 | 得分: 15
2026-04-07 20:14:04,562 - INFO -    ✅ 链接成功！将提及词【8】链接至全球图谱节点: 8 (Q23355)

2026-04-07 20:14:04,562 - INFO - 🔍 正在处理文本提及词: 【艾伦·图灵】
2026-04-07 20:14:05,133 - INFO -    找到 2 个关于 '艾伦·图灵' 的候选实体，计算相似度...
2026-04-07 20:14:05,133 - INFO -       -> 候选 [Q7251] 艾伦·图灵 | 得分: 109
2026-04-07 20:14:05,133 - INFO -       -> 候选 [Q16826821] 艾伦图灵研究院 | 得分: 3
2026-04-07 20:14:05,134 - INFO -    ✅ 链接成功！将提及词【艾伦·图灵】链接至全球图谱节点: 艾伦·图灵 (Q7251)

2026-04-07 20:14:05,134 - INFO - 🔍 正在处理文本提及词: 【第二次世界大战】
2026-04-07 20:14:05,679 - INFO -    找到 5 个关于 '第二次世界大战' 的候选实体，计算相似度...
2026-04-07 20:14:05,679 - INFO -       -> 候选 [Q362] 第二次世界大战 | 得分: 106
2026-04-07 20:14:05,679 - INFO -       -> 候选 [Q2547676] 法国英勇十字荣誉勋章 | 得分: 4
2026-04-07 20:14:05,679 - INFO -       -> 候选 [Q2094191] 第二次世界大战抵抗运动 | 得分: 14
2026-04-07 20:14:05,679 - INFO -       -> 候选 [Q622365] 第二次世界大战欧战胜利纪念日 | 得分: 19
2026-04-07 20:14:05,679 - INFO -       -> 候选 [Q44700] 第二次世界大战欧洲战场 | 得分: 14
2026-04-07 20:14:05,679 - INFO -    ✅ 链接成功！将提及词【第二次世界大战】链接至全球图谱节点: 第二次世界大战 (Q362)

2026-04-07 20:14:05,679 - INFO - 🔍 正在处理文本提及词: 【希尔顿】
2026-04-07 20:14:06,222 - INFO -    找到 5 个关于 '希尔顿' 的候选实体，计算相似度...
2026-04-07 20:14:06,222 - INFO -       -> 候选 [Q1158419] 希尔顿 | 得分: 104
2026-04-07 20:14:06,223 - INFO -       -> 候选 [Q16256942] 希尔顿 | 得分: 105
2026-04-07 20:14:06,223 - INFO -       -> 候选 [Q3785651] 希尔顿 | 得分: 104
2026-04-07 20:14:06,223 - INFO -       -> 候选 [Q2085484] 希尔顿 | 得分: 103
2026-04-07 20:14:06,223 - INFO -       -> 候选 [Q1001134] 希尔顿黑德岛 | 得分: 13
2026-04-07 20:14:06,223 - INFO -    ✅ 链接成功！将提及词【希尔顿】链接至全球图谱节点: 希尔顿 (Q16256942)

2026-04-07 20:14:06,223 - INFO - 🔍 正在处理文本提及词: 【解码纳粹秘密】
2026-04-07 20:14:06,754 - INFO -    [未找到候选] 将 '解码纳粹秘密' 标记为 NIL (无链接实体)

2026-04-07 20:14:06,754 - INFO - 🔍 正在处理文本提及词: 【他】
2026-04-07 20:14:06,754 - INFO - 这是一个代词，跳过
2026-04-07 20:14:06,754 - INFO - 🔍 正在处理文本提及词: 【40 英里】
2026-04-07 20:14:07,246 - INFO -    [未找到候选] 将 '40 英里' 标记为 NIL (无链接实体)

2026-04-07 20:14:07,246 - INFO - 🔍 正在处理文本提及词: 【64 公里】
2026-04-07 20:14:07,764 - INFO -    [未找到候选] 将 '64 公里' 标记为 NIL (无链接实体)

2026-04-07 20:14:07,764 - INFO - 🔍 正在处理文本提及词: 【伦敦】
2026-04-07 20:14:08,266 - INFO -    找到 5 个关于 '伦敦' 的候选实体，计算相似度...
2026-04-07 20:14:08,267 - INFO -       -> 候选 [Q92561] 伦敦 | 得分: 102
2026-04-07 20:14:08,267 - INFO -       -> 候选 [Q84] 伦敦 | 得分: 105
2026-04-07 20:14:08,267 - INFO -       -> 候选 [Q1001456] 伦敦 | 得分: 103
2026-04-07 20:14:08,267 - INFO -       -> 候选 [Q3061911] 伦敦 | 得分: 103
2026-04-07 20:14:08,267 - INFO -       -> 候选 [Q1281978] 伦敦 | 得分: 102
2026-04-07 20:14:08,267 - INFO -    ✅ 链接成功！将提及词【伦敦】链接至全球图谱节点: 伦敦 (Q84)

2026-04-07 20:14:08,268 - INFO - 🔍 正在处理文本提及词: 【他】
2026-04-07 20:14:08,268 - INFO - 这是一个代词，跳过
2026-04-07 20:14:08,268 - INFO - 🔍 正在处理文本提及词: 【1948 年】
2026-04-07 20:14:08,769 - INFO -    [未找到候选] 将 '1948 年' 标记为 NIL (无链接实体)

2026-04-07 20:14:08,769 - INFO - 🔍 正在处理文本提及词: 【他】
2026-04-07 20:14:08,769 - INFO - 这是一个代词，跳过
2026-04-07 20:14:08,769 - INFO - 🔍 正在处理文本提及词: 【他】
2026-04-07 20:14:08,769 - INFO - 这是一个代词，跳过
2026-04-07 20:14:08,769 - INFO - 🔍 正在处理文本提及词: 【英国】
2026-04-07 20:14:09,302 - INFO -    找到 5 个关于 '英国' 的候选实体，计算相似度...
2026-04-07 20:14:09,302 - INFO -       -> 候选 [Q145] 英国 | 得分: 104
2026-04-07 20:14:09,302 - INFO -       -> 候选 [Q34433] 牛津大学 | 得分: 5
2026-04-07 20:14:09,302 - INFO -       -> 候选 [Q35794] 剑桥大学 | 得分: 6
2026-04-07 20:14:09,302 - INFO -       -> 候选 [Q123885] 英国皇家学会 | 得分: 19
2026-04-07 20:14:09,302 - INFO -       -> 候选 [Q9531] 英国广播公司 | 得分: 14
2026-04-07 20:14:09,302 - INFO -    ✅ 链接成功！将提及词【英国】链接至全球图谱节点: 英国 (Q145)

2026-04-07 20:14:09,302 - INFO - 🔍 正在处理文本提及词: 【Thomas Richards】
2026-04-07 20:14:09,847 - INFO -    找到 5 个关于 'Thomas Richards' 的候选实体，计算相似度...
2026-04-07 20:14:09,848 - INFO -       -> 候选 [Q50288669] Thomas A Richards | 得分: 3
2026-04-07 20:14:09,848 - INFO -       -> 候选 [Q7793511] Thomas Richards | 得分: 107
2026-04-07 20:14:09,848 - INFO -       -> 候选 [Q7793509] Thomas Richards | 得分: 107
2026-04-07 20:14:09,849 - INFO -       -> 候选 [Q113509802] Thomas Richards | 得分: 103
2026-04-07 20:14:09,849 - INFO -       -> 候选 [Q110605010] Thomas Richards | 得分: 103
2026-04-07 20:14:09,849 - INFO -    ✅ 链接成功！将提及词【Thomas Richards】链接至全球图谱节点: Thomas Richards (Q7793511)

2026-04-07 20:14:09,849 - INFO - 🔍 正在处理文本提及词: 【奥运会】
2026-04-07 20:14:10,369 - INFO -    找到 5 个关于 '奥运会' 的候选实体，计算相似度...
2026-04-07 20:14:10,369 - INFO -       -> 候选 [Q5389] 奥林匹克运动会 | 得分: 4
2026-04-07 20:14:10,370 - INFO -       -> 候选 [Q212434] 奥运会项目 | 得分: 16
2026-04-07 20:14:10,370 - INFO -       -> 候选 [Q58825429] 奥运会选手 | 得分: 13
2026-04-07 20:14:10,370 - INFO -       -> 候选 [Q15889643] 奥运铜牌 | 得分: 4
2026-04-07 20:14:10,370 - INFO -       -> 候选 [Q15243387] 奥运金牌 | 得分: 7
2026-04-07 20:14:10,370 - INFO -    ✅ 链接成功！将提及词【奥运会】链接至全球图谱节点: 奥运会项目 (Q212434)

2026-04-07 20:14:10,370 - INFO - 🔍 正在处理文本提及词: 【2小时35分钟】
2026-04-07 20:14:10,901 - INFO -    [未找到候选] 将 '2小时35分钟' 标记为 NIL (无链接实体)

2026-04-07 20:14:10,901 - INFO - 🔍 正在处理文本提及词: 【11分钟】
2026-04-07 20:14:11,429 - INFO -    找到 1 个关于 '11分钟' 的候选实体，计算相似度...
2026-04-07 20:14:11,429 - INFO -       -> 候选 [Q19877180] 11分钟 | 得分: 104
2026-04-07 20:14:11,429 - INFO -    ✅ 链接成功！将提及词【11分钟】链接至全球图谱节点: 11分钟 (Q19877180)

2026-04-07 20:14:11,430 - INFO - 🔍 正在处理文本提及词: 【他】
2026-04-07 20:14:11,430 - INFO - 这是一个代词，跳过
2026-04-07 20:14:11,430 - INFO - 🔍 正在处理文本提及词: 【沃尔顿】
2026-04-07 20:14:12,013 - INFO -    找到 5 个关于 '沃尔顿' 的候选实体，计算相似度...
2026-04-07 20:14:12,013 - INFO -       -> 候选 [Q2547568] 沃尔顿 | 得分: 104
2026-04-07 20:14:12,014 - INFO -       -> 候选 [Q29370047] 沃尔顿 | 得分: 105
2026-04-07 20:14:12,014 - INFO -       -> 候选 [Q7966720] 沃尔顿 | 得分: 103
2026-04-07 20:14:12,014 - INFO -       -> 候选 [Q2414384] 沃尔顿 | 得分: 103
2026-04-07 20:14:12,014 - INFO -       -> 候选 [Q36991556] 沃尔顿 | 得分: 104
2026-04-07 20:14:12,014 - INFO -    ✅ 链接成功！将提及词【沃尔顿】链接至全球图谱节点: 沃尔顿 (Q29370047)

2026-04-07 20:14:12,014 - INFO - 🔍 正在处理文本提及词: 【他】
2026-04-07 20:14:12,014 - INFO - 这是一个代词，跳过
2026-04-07 20:14:12,014 - INFO - 🔍 正在处理文本提及词: 【他】
2026-04-07 20:14:12,014 - INFO - 这是一个代词，跳过
2026-04-07 20:14:12,014 - INFO - 🔍 正在处理文本提及词: 【他】
2026-04-07 20:14:12,014 - INFO - 这是一个代词，跳过
2026-04-07 20:14:12,014 - INFO - 🔍 正在处理文本提及词: 【哈里·欣斯利】
2026-04-07 20:14:12,566 - INFO -    找到 1 个关于 '哈里·欣斯利' 的候选实体，计算相似度...
2026-04-07 20:14:12,566 - INFO -       -> 候选 [Q834014] 哈里·欣斯利 | 得分: 107
2026-04-07 20:14:12,567 - INFO -    ✅ 链接成功！将提及词【哈里·欣斯利】链接至全球图谱节点: 哈里·欣斯利 (Q834014)

2026-04-07 20:14:12,567 - INFO - 🔍 正在处理文本提及词: 【欧洲】
2026-04-07 20:14:13,108 - INFO -    找到 5 个关于 '欧洲' 的候选实体，计算相似度...
2026-04-07 20:14:13,108 - INFO -       -> 候选 [Q46] 欧洲 | 得分: 104
2026-04-07 20:14:13,108 - INFO -       -> 候选 [Q185144] 欧洲合唱团 | 得分: 12
2026-04-07 20:14:13,108 - INFO -       -> 候选 [Q718] 国际象棋 | 得分: 3
2026-04-07 20:14:13,108 - INFO -       -> 候选 [Q458] 欧洲联盟 | 得分: 13
2026-04-07 20:14:13,108 - INFO -       -> 候选 [Q35572] 欧洲足球协会联盟 | 得分: 14
2026-04-07 20:14:13,108 - INFO -    ✅ 链接成功！将提及词【欧洲】链接至全球图谱节点: 欧洲 (Q46)

2026-04-07 20:14:13,108 - INFO - 🔍 正在处理文本提及词: 【两年多】
2026-04-07 20:14:13,580 - INFO -    [未找到候选] 将 '两年多' 标记为 NIL (无链接实体)

2026-04-07 20:14:13,580 - INFO - 🔍 正在处理文本提及词: 【1400】
2026-04-07 20:14:14,142 - INFO -    找到 5 个关于 '1400' 的候选实体，计算相似度...
2026-04-07 20:14:14,142 - INFO -       -> 候选 [Q12579950] 1400 | 得分: 102
2026-04-07 20:14:14,143 - INFO -       -> 候选 [Q120954586] 1400 | 得分: 103
2026-04-07 20:14:14,143 - INFO -       -> 候选 [Q188234] 1400年代 | 得分: 15
2026-04-07 20:14:14,143 - INFO -       -> 候选 [Q6108] 1400年 | 得分: 13
2026-04-07 20:14:14,143 - INFO -       -> 候选 [Q6032786] 1400简写 | 得分: 12
2026-04-07 20:14:14,143 - INFO -    ✅ 链接成功！将提及词【1400】链接至全球图谱节点: 1400 (Q120954586)

2026-04-07 20:14:14,143 - INFO - 🔍 正在处理文本提及词: 【官方保密法】
2026-04-07 20:14:14,670 - INFO -    找到 1 个关于 '官方保密法' 的候选实体，计算相似度...
2026-04-07 20:14:14,670 - INFO -       -> 候选 [Q7079565] 官方保密法 | 得分: 106
2026-04-07 20:14:14,670 - INFO -    ✅ 链接成功！将提及词【官方保密法】链接至全球图谱节点: 官方保密法 (Q7079565)

2026-04-07 20:14:14,670 - INFO - 🔍 正在处理文本提及词: 【1946 年】
2026-04-07 20:14:15,186 - INFO -    找到 1 个关于 '1946 年' 的候选实体，计算相似度...
2026-04-07 20:14:15,186 - INFO -       -> 候选 [Q19875971] 1946 年新年荣誉 | 得分: 15
2026-04-07 20:14:15,186 - INFO -    ✅ 链接成功！将提及词【1946 年】链接至全球图谱节点: 1946 年新年荣誉 (Q19875971)

2026-04-07 20:14:15,186 - INFO - 🔍 正在处理文本提及词: 【乔治】
2026-04-07 20:14:16,116 - INFO -    找到 5 个关于 '乔治' 的候选实体，计算相似度...
2026-04-07 20:14:16,116 - INFO -       -> 候选 [Q15921732] 乔治 | 得分: 105
2026-04-07 20:14:16,116 - INFO -       -> 候选 [Q12900074] 乔治 | 得分: 105
2026-04-07 20:14:16,116 - INFO -       -> 候选 [Q1260558] 乔治 | 得分: 104
2026-04-07 20:14:16,116 - INFO -       -> 候选 [Q64698701] 乔治 | 得分: 105
2026-04-07 20:14:16,117 - INFO -       -> 候选 [Q61829] 不伦瑞克-吕讷堡公爵格奥尔格 | 得分: 4
2026-04-07 20:14:16,117 - INFO -    ✅ 链接成功！将提及词【乔治】链接至全球图谱节点: 乔治 (Q15921732)

2026-04-07 20:14:16,117 - INFO - 🔍 正在处理文本提及词: 【英】
2026-04-07 20:14:16,619 - INFO -    找到 5 个关于 '英' 的候选实体，计算相似度...
2026-04-07 20:14:16,619 - INFO -       -> 候选 [Q94957785] 英 | 得分: 105
2026-04-07 20:14:16,619 - INFO -       -> 候选 [Q20001710] Ying | 得分: 4
2026-04-07 20:14:16,619 - INFO -       -> 候选 [Q28409357] 英 | 得分: 104
2026-04-07 20:14:16,619 - INFO -       -> 候选 [Q1860] 英语 | 得分: 15
2026-04-07 20:14:16,619 - INFO -       -> 候选 [Q145] 英国 | 得分: 14
2026-04-07 20:14:16,619 - INFO -    ✅ 链接成功！将提及词【英】链接至全球图谱节点: 英 (Q94957785)

2026-04-07 20:14:16,619 - INFO - 🔍 正在处理文本提及词: 【他】
2026-04-07 20:14:16,619 - INFO - 这是一个代词，跳过
2026-04-07 20:14:16,619 - INFO - 🔍 正在处理文本提及词: 【他】
2026-04-07 20:14:16,619 - INFO - 这是一个代词，跳过
2026-04-07 20:14:16,619 - INFO - 🔍 正在处理文本提及词: 【1945年到1948年】
2026-04-07 20:14:17,154 - INFO -    [未找到候选] 将 '1945年到1948年' 标记为 NIL (无链接实体)

2026-04-07 20:14:17,154 - INFO - 🔍 正在处理文本提及词: 【国家物理实验室】
2026-04-07 20:14:17,647 - INFO -    [未找到候选] 将 '国家物理实验室' 标记为 NIL (无链接实体)

2026-04-07 20:14:17,647 - INFO - 🔍 正在处理文本提及词: 【1949年】
2026-04-07 20:14:18,176 - INFO -    找到 5 个关于 '1949年' 的候选实体，计算相似度...
2026-04-07 20:14:18,176 - INFO -       -> 候选 [Q5188] 1949年 | 得分: 108
2026-04-07 20:14:18,176 - INFO -       -> 候选 [Q695222] 1949年西德联邦选举 | 得分: 14
2026-04-07 20:14:18,176 - INFO -       -> 候选 [Q917170] 第21届奥斯卡金像奖 | 得分: 6
2026-04-07 20:14:18,176 - INFO -       -> 候选 [Q849431] 1949年南美足球锦标赛 | 得分: 13
2026-04-07 20:14:18,176 - INFO -       -> 候选 [Q610272] 日内瓦第一公约 | 得分: 4
2026-04-07 20:14:18,176 - INFO -    ✅ 链接成功！将提及词【1949年】链接至全球图谱节点: 1949年 (Q5188)

2026-04-07 20:14:18,176 - INFO - 🔍 正在处理文本提及词: 【他】
2026-04-07 20:14:18,176 - INFO - 这是一个代词，跳过
2026-04-07 20:14:18,177 - INFO - 🔍 正在处理文本提及词: 【他】
2026-04-07 20:14:18,177 - INFO - 这是一个代词，跳过
2026-04-07 20:14:18,177 - INFO - 🔍 正在处理文本提及词: 【1952年】
2026-04-07 20:14:18,738 - INFO -    找到 5 个关于 '1952年' 的候选实体，计算相似度...
2026-04-07 20:14:18,738 - INFO -       -> 候选 [Q5272] 1952年 | 得分: 103
2026-04-07 20:14:18,738 - INFO -       -> 候选 [Q8407] 1952年夏季奥林匹克运动会 | 得分: 14
2026-04-07 20:14:18,739 - INFO -       -> 候选 [Q9623] 1952年冬季奥林匹克运动会 | 得分: 17
2026-04-07 20:14:18,739 - INFO -       -> 候选 [Q917184] 第24届奥斯卡金像奖 | 得分: 7
2026-04-07 20:14:18,739 - INFO -       -> 候选 [Q699548] 1952年美国总统选举 | 得分: 14
2026-04-07 20:14:18,739 - INFO -    ✅ 链接成功！将提及词【1952年】链接至全球图谱节点: 1952年 (Q5272)

2026-04-07 20:14:18,739 - INFO - 🔍 正在处理文本提及词: 【他】
2026-04-07 20:14:18,739 - INFO - 这是一个代词，跳过
2026-04-07 20:14:18,739 - INFO - 🔍 正在处理文本提及词: 【半小时】
2026-04-07 20:14:19,296 - INFO -    找到 1 个关于 '半小时' 的候选实体，计算相似度...
2026-04-07 20:14:19,296 - INFO -       -> 候选 [Q66729835] 半小时妊娠试验 | 得分: 16
2026-04-07 20:14:19,296 - INFO -    ✅ 链接成功！将提及词【半小时】链接至全球图谱节点: 半小时妊娠试验 (Q66729835)

2026-04-07 20:14:19,296 - INFO - 🔍 正在处理文本提及词: 【他】
2026-04-07 20:14:19,296 - INFO - 这是一个代词，跳过
2026-04-07 20:14:19,296 - INFO - 🔍 正在处理文本提及词: 【美国新墨西哥州】
2026-04-07 20:14:19,815 - INFO -    找到 3 个关于 '美国新墨西哥州' 的候选实体，计算相似度...
2026-04-07 20:14:19,815 - INFO -       -> 候选 [Q60855360] 美国新墨西哥州废除死刑 | 得分: 13
2026-04-07 20:14:19,815 - INFO -       -> 候选 [Q119466626] 美国新墨西哥州阿尔伯克基市中心大街改造复兴研究 | 得分: 14
2026-04-07 20:14:19,815 - INFO -       -> 候选 [Q121406563] 美国新墨西哥州印第安建筑 | 得分: 17
2026-04-07 20:14:19,815 - INFO -    ✅ 链接成功！将提及词【美国新墨西哥州】链接至全球图谱节点: 美国新墨西哥州印第安建筑 (Q121406563)

2026-04-07 20:14:19,815 - INFO - 🔍 正在处理文本提及词: 【国家实验室】
2026-04-07 20:14:20,378 - INFO -    找到 5 个关于 '国家实验室' 的候选实体，计算相似度...
2026-04-07 20:14:20,378 - INFO -       -> 候选 [Q10872008] 中华人民共和国国家实验室列表 | 得分: 15
2026-04-07 20:14:20,379 - INFO -       -> 候选 [Q56280417] 国家实验室 | 得分: 103
2026-04-07 20:14:20,379 - INFO -       -> 候选 [Q2624320] 美国国家实验室系统 | 得分: 17
2026-04-07 20:14:20,379 - INFO -       -> 候选 [Q120963515] 国家实验室体系构建与制度创新：理论依据与实施机制 | 得分: 19
2026-04-07 20:14:20,379 - INFO -       -> 候选 [Q121137017] 国家实验室研究领域富化机理研究——以劳伦斯伯克利国家实验室为例 | 得分: 21
2026-04-07 20:14:20,379 - INFO -    ✅ 链接成功！将提及词【国家实验室】链接至全球图谱节点: 国家实验室 (Q56280417)

2026-04-07 20:14:20,379 - INFO - 🔍 正在处理文本提及词: 【第一】
2026-04-07 20:14:20,909 - INFO -    找到 5 个关于 '第一' 的候选实体，计算相似度...
2026-04-07 20:14:20,909 - INFO -       -> 候选 [Q28812422] 第一 | 得分: 101
2026-04-07 20:14:20,909 - INFO -       -> 候选 [Q28469711] 第一 | 得分: 103
2026-04-07 20:14:20,909 - INFO -       -> 候选 [Q361] 第一次世界大战 | 得分: 24
2026-04-07 20:14:20,909 - INFO -       -> 候选 [Q46422417] 第一 | 得分: 103
2026-04-07 20:14:20,909 - INFO -       -> 候选 [Q131105] 主格 | 得分: 1
2026-04-07 20:14:20,909 - INFO -    ✅ 链接成功！将提及词【第一】链接至全球图谱节点: 第一 (Q28469711)

2026-04-07 20:14:20,909 - INFO - 🔍 正在处理文本提及词: 【1952年】
2026-04-07 20:14:21,440 - INFO -    找到 5 个关于 '1952年' 的候选实体，计算相似度...
2026-04-07 20:14:21,440 - INFO -       -> 候选 [Q5272] 1952年 | 得分: 103
2026-04-07 20:14:21,440 - INFO -       -> 候选 [Q8407] 1952年夏季奥林匹克运动会 | 得分: 14
2026-04-07 20:14:21,440 - INFO -       -> 候选 [Q9623] 1952年冬季奥林匹克运动会 | 得分: 17
2026-04-07 20:14:21,440 - INFO -       -> 候选 [Q917184] 第24届奥斯卡金像奖 | 得分: 7
2026-04-07 20:14:21,440 - INFO -       -> 候选 [Q699548] 1952年美国总统选举 | 得分: 14
2026-04-07 20:14:21,440 - INFO -    ✅ 链接成功！将提及词【1952年】链接至全球图谱节点: 1952年 (Q5272)

2026-04-07 20:14:21,440 - INFO - 🔍 正在处理文本提及词: 【他】
2026-04-07 20:14:21,440 - INFO - 这是一个代词，跳过
2026-04-07 20:14:21,440 - INFO - 🔍 正在处理文本提及词: 【1952年】
2026-04-07 20:14:21,961 - INFO -    找到 5 个关于 '1952年' 的候选实体，计算相似度...
2026-04-07 20:14:21,961 - INFO -       -> 候选 [Q5272] 1952年 | 得分: 103
2026-04-07 20:14:21,961 - INFO -       -> 候选 [Q8407] 1952年夏季奥林匹克运动会 | 得分: 14
2026-04-07 20:14:21,961 - INFO -       -> 候选 [Q9623] 1952年冬季奥林匹克运动会 | 得分: 17
2026-04-07 20:14:21,961 - INFO -       -> 候选 [Q917184] 第24届奥斯卡金像奖 | 得分: 7
2026-04-07 20:14:21,961 - INFO -       -> 候选 [Q699548] 1952年美国总统选举 | 得分: 14
2026-04-07 20:14:21,961 - INFO -    ✅ 链接成功！将提及词【1952年】链接至全球图谱节点: 1952年 (Q5272)

2026-04-07 20:14:21,961 - INFO - 🔍 正在处理文本提及词: 【英语】
2026-04-07 20:14:22,485 - INFO -    找到 5 个关于 '英语' 的候选实体，计算相似度...
2026-04-07 20:14:22,485 - INFO -       -> 候选 [Q1860] 英语 | 得分: 105
2026-04-07 20:14:22,485 - INFO -       -> 候选 [Q328] 英语维基百科 | 得分: 12
2026-04-07 20:14:22,485 - INFO -       -> 候选 [Q7976] 美国英语 | 得分: 16
2026-04-07 20:14:22,485 - INFO -       -> 候选 [Q186579] 英语文学 | 得分: 15
2026-04-07 20:14:22,486 - INFO -       -> 候选 [Q27968] 英语研究 | 得分: 15
2026-04-07 20:14:22,486 - INFO -    ✅ 链接成功！将提及词【英语】链接至全球图谱节点: 英语 (Q1860)

2026-04-07 20:14:22,486 - INFO - 🔍 正在处理文本提及词: 【他】
2026-04-07 20:14:22,486 - INFO - 这是一个代词，跳过
2026-04-07 20:14:22,486 - INFO - 🔍 正在处理文本提及词: 【叶序列】
2026-04-07 20:14:22,981 - INFO -    [未找到候选] 将 '叶序列' 标记为 NIL (无链接实体)

2026-04-07 20:14:22,981 - INFO - 🔍 正在处理文本提及词: 【他】
2026-04-07 20:14:22,981 - INFO - 这是一个代词，跳过
2026-04-07 20:14:22,981 - INFO - 🔍 正在处理文本提及词: 【他】
2026-04-07 20:14:22,981 - INFO - 这是一个代词，跳过
2026-04-07 20:14:22,981 - INFO - 🔍 正在处理文本提及词: 【1992年《】
2026-04-07 20:14:23,556 - INFO -    找到 5 个关于 '1992年《' 的候选实体，计算相似度...
2026-04-07 20:14:23,557 - INFO -       -> 候选 [Q121867055] 1992年《国外社会科学情况》总目录 | 得分: 20
2026-04-07 20:14:23,557 - INFO -       -> 候选 [Q63939794] 1992年《法学》总目录 | 得分: 17
2026-04-07 20:14:23,557 - INFO -       -> 候选 [Q121157063] 1992年《哲学译丛》总目录 | 得分: 18
2026-04-07 20:14:23,557 - INFO -       -> 候选 [Q118939816] 1992年《外国经济与管理》总目录 | 得分: 20
2026-04-07 20:14:23,558 - INFO -       -> 候选 [Q64806852] 1992年《金融研究》主要论文目录 | 得分: 20
2026-04-07 20:14:23,558 - INFO -    ✅ 链接成功！将提及词【1992年《】链接至全球图谱节点: 1992年《国外社会科学情况》总目录 (Q121867055)

2026-04-07 20:14:23,558 - INFO - 🔍 正在处理文本提及词: 【艾伦·图灵选集】
2026-04-07 20:14:24,050 - INFO -    [未找到候选] 将 '艾伦·图灵选集' 标记为 NIL (无链接实体)

2026-04-07 20:14:24,050 - INFO - 🔍 正在处理文本提及词: 【2012年】
2026-04-07 20:14:24,579 - INFO -    找到 5 个关于 '2012年' 的候选实体，计算相似度...
2026-04-07 20:14:24,579 - INFO -       -> 候选 [Q1990] 2012年 | 得分: 103
2026-04-07 20:14:24,579 - INFO -       -> 候选 [Q8577] 2012年夏季奥林匹克运动会 | 得分: 15
2026-04-07 20:14:24,579 - INFO -       -> 候选 [Q2080809] 2012年 | 得分: 103
2026-04-07 20:14:24,579 - INFO -       -> 候选 [Q2759253] 2012年 | 得分: 103
2026-04-07 20:14:24,579 - INFO -       -> 候选 [Q182798] 2012年夏季残奥会 | 得分: 15
2026-04-07 20:14:24,579 - INFO -    ✅ 链接成功！将提及词【2012年】链接至全球图谱节点: 2012年 (Q1990)

2026-04-07 20:14:24,579 - INFO - 🔍 正在处理文本提及词: 【他】
2026-04-07 20:14:24,579 - INFO - 这是一个代词，跳过
2026-04-07 20:14:24,579 - INFO - 🔍 正在处理文本提及词: 【他】
2026-04-07 20:14:24,579 - INFO - 这是一个代词，跳过
2026-04-07 20:14:24,579 - INFO - 🔍 正在处理文本提及词: 【1952年】
2026-04-07 20:14:25,098 - INFO -    找到 5 个关于 '1952年' 的候选实体，计算相似度...
2026-04-07 20:14:25,098 - INFO -       -> 候选 [Q5272] 1952年 | 得分: 103
2026-04-07 20:14:25,099 - INFO -       -> 候选 [Q8407] 1952年夏季奥林匹克运动会 | 得分: 14
2026-04-07 20:14:25,099 - INFO -       -> 候选 [Q9623] 1952年冬季奥林匹克运动会 | 得分: 17
2026-04-07 20:14:25,099 - INFO -       -> 候选 [Q917184] 第24届奥斯卡金像奖 | 得分: 7
2026-04-07 20:14:25,099 - INFO -       -> 候选 [Q699548] 1952年美国总统选举 | 得分: 14
2026-04-07 20:14:25,099 - INFO -    ✅ 链接成功！将提及词【1952年】链接至全球图谱节点: 1952年 (Q5272)

2026-04-07 20:14:25,099 - INFO - 🔍 正在处理文本提及词: 【他】
2026-04-07 20:14:25,099 - INFO - 这是一个代词，跳过
2026-04-07 20:14:25,099 - INFO - 🔍 正在处理文本提及词: 【一】
2026-04-07 20:14:25,653 - INFO -    找到 5 个关于 '一' 的候选实体，计算相似度...
2026-04-07 20:14:25,653 - INFO -       -> 候选 [Q93246] 一部 | 得分: 11
2026-04-07 20:14:25,654 - INFO -       -> 候选 [Q34632706] 一 | 得分: 105
2026-04-07 20:14:25,654 - INFO -       -> 候选 [Q361] 第一次世界大战 | 得分: 24
2026-04-07 20:14:25,654 - INFO -       -> 候选 [Q9268] 犹太教 | 得分: 1
2026-04-07 20:14:25,654 - INFO -       -> 候选 [Q4] 死亡 | 得分: 4
2026-04-07 20:14:25,654 - INFO -    ✅ 链接成功！将提及词【一】链接至全球图谱节点: 一 (Q34632706)

2026-04-07 20:14:25,654 - INFO - 🔍 正在处理文本提及词: 【英国】
2026-04-07 20:14:26,194 - INFO -    找到 5 个关于 '英国' 的候选实体，计算相似度...
2026-04-07 20:14:26,194 - INFO -       -> 候选 [Q145] 英国 | 得分: 104
2026-04-07 20:14:26,194 - INFO -       -> 候选 [Q34433] 牛津大学 | 得分: 5
2026-04-07 20:14:26,194 - INFO -       -> 候选 [Q35794] 剑桥大学 | 得分: 6
2026-04-07 20:14:26,194 - INFO -       -> 候选 [Q123885] 英国皇家学会 | 得分: 19
2026-04-07 20:14:26,194 - INFO -       -> 候选 [Q9531] 英国广播公司 | 得分: 14
2026-04-07 20:14:26,194 - INFO -    ✅ 链接成功！将提及词【英国】链接至全球图谱节点: 英国 (Q145)

2026-04-07 20:14:26,194 - INFO - 🔍 正在处理文本提及词: 【他】
2026-04-07 20:14:26,194 - INFO - 这是一个代词，跳过
2026-04-07 20:14:26,194 - INFO - 🔍 正在处理文本提及词: 【他】
2026-04-07 20:14:26,194 - INFO - 这是一个代词，跳过
2026-04-07 20:14:26,194 - INFO - 🔍 正在处理文本提及词: 【他】
2026-04-07 20:14:26,194 - INFO - 这是一个代词，跳过
2026-04-07 20:14:26,194 - INFO - 🔍 正在处理文本提及词: 【两】
2026-04-07 20:14:26,723 - INFO -    找到 5 个关于 '两' 的候选实体，计算相似度...
2026-04-07 20:14:26,723 - INFO -       -> 候选 [Q876244] 两 | 得分: 105
2026-04-07 20:14:26,723 - INFO -       -> 候选 [Q7462] 宋朝 | 得分: 7
2026-04-07 20:14:26,723 - INFO -       -> 候选 [Q10908] 两栖动物 | 得分: 14
2026-04-07 20:14:26,723 - INFO -       -> 候选 [Q16967] 浙江省 | 得分: 1
2026-04-07 20:14:26,723 - INFO -       -> 候选 [Q181497] 两性异形 | 得分: 18
2026-04-07 20:14:26,723 - INFO -    ✅ 链接成功！将提及词【两】链接至全球图谱节点: 两 (Q876244)

2026-04-07 20:14:26,723 - INFO - 🔍 正在处理文本提及词: 【他】
2026-04-07 20:14:26,723 - INFO - 这是一个代词，跳过
2026-04-07 20:14:26,723 - INFO - 🔍 正在处理文本提及词: 【一年】
2026-04-07 20:14:27,283 - INFO -    找到 5 个关于 '一年' 的候选实体，计算相似度...
2026-04-07 20:14:27,283 - INFO -       -> 候选 [Q134860083] 一年 | 得分: 101
2026-04-07 20:14:27,283 - INFO -       -> 候选 [Q134862544] 一年 | 得分: 101
2026-04-07 20:14:27,283 - INFO -       -> 候选 [Q134850602] 一年 | 得分: 101
2026-04-07 20:14:27,283 - INFO -       -> 候选 [Q24384] 季节 | 得分: 3
2026-04-07 20:14:27,283 - INFO -       -> 候选 [Q192691] 一年生植物 | 得分: 17
2026-04-07 20:14:27,283 - INFO -    ✅ 链接成功！将提及词【一年】链接至全球图谱节点: 一年 (Q134860083)

2026-04-07 20:14:27,283 - INFO - 🔍 正在处理文本提及词: 【1954年】
2026-04-07 20:14:27,920 - INFO -    找到 5 个关于 '1954年' 的候选实体，计算相似度...
2026-04-07 20:14:27,920 - INFO -       -> 候选 [Q18581] 1954年 | 得分: 103
2026-04-07 20:14:27,920 - INFO -       -> 候选 [Q131075] 1954年世界杯足球赛 | 得分: 13
2026-04-07 20:14:27,920 - INFO -       -> 候选 [Q516479] 第26届奥斯卡金像奖 | 得分: 6
2026-04-07 20:14:27,920 - INFO -       -> 候选 [Q729288] 1954年亚洲运动会 | 得分: 15
2026-04-07 20:14:27,920 - INFO -       -> 候选 [Q542185] 1954年欧洲田径锦标赛 | 得分: 16
2026-04-07 20:14:27,920 - INFO -    ✅ 链接成功！将提及词【1954年】链接至全球图谱节点: 1954年 (Q18581)

2026-04-07 20:14:27,920 - INFO - 🔍 正在处理文本提及词: 【氰化物】
2026-04-07 20:14:28,405 - INFO -    找到 5 个关于 '氰化物' 的候选实体，计算相似度...
2026-04-07 20:14:28,407 - INFO -       -> 候选 [Q55076544] 氰化物 | 得分: 102
2026-04-07 20:14:28,407 - INFO -       -> 候选 [Q883082] 氰化物中毒 | 得分: 14
2026-04-07 20:14:28,407 - INFO -       -> 候选 [Q445055] 氰化物捕鱼 | 得分: 12
2026-04-07 20:14:28,407 - INFO -       -> 候选 [Q118379533] 氰化物溶液的γ辐射降解 | 得分: 14
2026-04-07 20:14:28,407 - INFO -       -> 候选 [Q185076] 氰离子 | 得分: 1
2026-04-07 20:14:28,407 - INFO -    ✅ 链接成功！将提及词【氰化物】链接至全球图谱节点: 氰化物 (Q55076544)

2026-04-07 20:14:28,407 - INFO - 🔍 正在处理文本提及词: 【他】
2026-04-07 20:14:28,408 - INFO - 这是一个代词，跳过
2026-04-07 20:14:28,408 - INFO - 🔍 正在处理文本提及词: 【他】
2026-04-07 20:14:28,408 - INFO - 这是一个代词，跳过
2026-04-07 20:14:28,408 - INFO - 🔍 正在处理文本提及词: 【他】
2026-04-07 20:14:28,408 - INFO - 这是一个代词，跳过
2026-04-07 20:14:28,408 - INFO - 🔍 正在处理文本提及词: 【Ethel Sara Stoney】
2026-04-07 20:14:28,877 - INFO -    找到 1 个关于 'Ethel Sara Stoney' 的候选实体，计算相似度...
2026-04-07 20:14:28,877 - INFO -       -> 候选 [Q20895935] Ethel Sara Stoney | 得分: 108
2026-04-07 20:14:28,877 - INFO -    ✅ 链接成功！将提及词【Ethel Sara Stoney】链接至全球图谱节点: Ethel Sara Stoney (Q20895935)

2026-04-07 20:14:28,877 - INFO - 🔍 正在处理文本提及词: 【他】
2026-04-07 20:14:28,877 - INFO - 这是一个代词，跳过
2026-04-07 20:14:28,877 - INFO - 🔍 正在处理文本提及词: 【他】
2026-04-07 20:14:28,877 - INFO - 这是一个代词，跳过
2026-04-07 20:14:28,877 - INFO - 🔍 正在处理文本提及词: 【2009年9月10日】
2026-04-07 20:14:29,430 - INFO -    找到 1 个关于 '2009年9月10日' 的候选实体，计算相似度...
2026-04-07 20:14:29,430 - INFO -       -> 候选 [Q22663863] 2009年9月10日 | 得分: 107
2026-04-07 20:14:29,430 - INFO -    ✅ 链接成功！将提及词【2009年9月10日】链接至全球图谱节点: 2009年9月10日 (Q22663863)

2026-04-07 20:14:29,430 - INFO - 🔍 正在处理文本提及词: 【3万】
2026-04-07 20:14:29,911 - INFO -    找到 4 个关于 '3万' 的候选实体，计算相似度...
2026-04-07 20:14:29,911 - INFO -       -> 候选 [Q120795109] 3万亿美元的战争 | 得分: 16
2026-04-07 20:14:29,911 - INFO -       -> 候选 [Q119969768] 3万年来亚洲降水与大气环流变化重建和模拟综述 | 得分: 19
2026-04-07 20:14:29,911 - INFO -       -> 候选 [Q118356031] 3万年以来日本海西部海冰活动变化 | 得分: 13
2026-04-07 20:14:29,911 - INFO -       -> 候选 [Q11187711] 3万3千平米 | 得分: 13
2026-04-07 20:14:29,911 - INFO -    ✅ 链接成功！将提及词【3万】链接至全球图谱节点: 3万年来亚洲降水与大气环流变化重建和模拟综述 (Q119969768)

2026-04-07 20:14:29,911 - INFO - 🔍 正在处理文本提及词: 【英国】
2026-04-07 20:14:30,443 - INFO -    找到 5 个关于 '英国' 的候选实体，计算相似度...
2026-04-07 20:14:30,443 - INFO -       -> 候选 [Q145] 英国 | 得分: 104
2026-04-07 20:14:30,443 - INFO -       -> 候选 [Q34433] 牛津大学 | 得分: 5
2026-04-07 20:14:30,443 - INFO -       -> 候选 [Q35794] 剑桥大学 | 得分: 6
2026-04-07 20:14:30,443 - INFO -       -> 候选 [Q123885] 英国皇家学会 | 得分: 19
2026-04-07 20:14:30,443 - INFO -       -> 候选 [Q9531] 英国广播公司 | 得分: 14
2026-04-07 20:14:30,443 - INFO -    ✅ 链接成功！将提及词【英国】链接至全球图谱节点: 英国 (Q145)

2026-04-07 20:14:30,443 - INFO - 🔍 正在处理文本提及词: 【戈登·布朗】
2026-04-07 20:14:30,946 - INFO -    找到 3 个关于 '戈登·布朗' 的候选实体，计算相似度...
2026-04-07 20:14:30,947 - INFO -       -> 候选 [Q10648] 戈登·布朗 | 得分: 106
2026-04-07 20:14:30,947 - INFO -       -> 候选 [Q884331] 戈登·布朗宁 | 得分: 16
2026-04-07 20:14:30,947 - INFO -       -> 候选 [Q22998708] 戈登·布朗：联网全球 造福人类 | 得分: 16
2026-04-07 20:14:30,947 - INFO -    ✅ 链接成功！将提及词【戈登·布朗】链接至全球图谱节点: 戈登·布朗 (Q10648)

2026-04-07 20:14:30,947 - INFO - 🔍 正在处理文本提及词: 【每日电讯报】
2026-04-07 20:14:31,441 - INFO -    找到 5 个关于 '每日电讯报' 的候选实体，计算相似度...
2026-04-07 20:14:31,441 - INFO -       -> 候选 [Q192621] 每日电讯报 | 得分: 104
2026-04-07 20:14:31,441 - INFO -       -> 候选 [Q1819581] 每日电讯报 | 得分: 103
2026-04-07 20:14:31,441 - INFO -       -> 候选 [Q1954990] 电讯报 (印度) | 得分: 5
2026-04-07 20:14:31,441 - INFO -       -> 候选 [Q3522186] 每日电讯报 | 得分: 104
2026-04-07 20:14:31,441 - INFO -       -> 候选 [Q651913] 每日电讯报事件 | 得分: 14
2026-04-07 20:14:31,441 - INFO -    ✅ 链接成功！将提及词【每日电讯报】链接至全球图谱节点: 每日电讯报 (Q192621)

2026-04-07 20:14:31,441 - INFO - 🔍 正在处理文本提及词: 【英国】
2026-04-07 20:14:31,978 - INFO -    找到 5 个关于 '英国' 的候选实体，计算相似度...
2026-04-07 20:14:31,978 - INFO -       -> 候选 [Q145] 英国 | 得分: 104
2026-04-07 20:14:31,978 - INFO -       -> 候选 [Q34433] 牛津大学 | 得分: 5
2026-04-07 20:14:31,978 - INFO -       -> 候选 [Q35794] 剑桥大学 | 得分: 6
2026-04-07 20:14:31,979 - INFO -       -> 候选 [Q123885] 英国皇家学会 | 得分: 19
2026-04-07 20:14:31,979 - INFO -       -> 候选 [Q9531] 英国广播公司 | 得分: 14
2026-04-07 20:14:31,979 - INFO -    ✅ 链接成功！将提及词【英国】链接至全球图谱节点: 英国 (Q145)

2026-04-07 20:14:31,979 - INFO - 🔍 正在处理文本提及词: 【他】
2026-04-07 20:14:31,979 - INFO - 这是一个代词，跳过
2026-04-07 20:14:31,979 - INFO - 🔍 正在处理文本提及词: 【艾伦·图灵】
2026-04-07 20:14:32,481 - INFO -    找到 2 个关于 '艾伦·图灵' 的候选实体，计算相似度...
2026-04-07 20:14:32,481 - INFO -       -> 候选 [Q7251] 艾伦·图灵 | 得分: 109
2026-04-07 20:14:32,481 - INFO -       -> 候选 [Q16826821] 艾伦图灵研究院 | 得分: 3
2026-04-07 20:14:32,482 - INFO -    ✅ 链接成功！将提及词【艾伦·图灵】链接至全球图谱节点: 艾伦·图灵 (Q7251)

2026-04-07 20:14:32,482 - INFO - 🔍 正在处理文本提及词: 【2012年】
2026-04-07 20:14:32,994 - INFO -    找到 5 个关于 '2012年' 的候选实体，计算相似度...
2026-04-07 20:14:32,994 - INFO -       -> 候选 [Q1990] 2012年 | 得分: 103
2026-04-07 20:14:32,995 - INFO -       -> 候选 [Q8577] 2012年夏季奥林匹克运动会 | 得分: 15
2026-04-07 20:14:32,995 - INFO -       -> 候选 [Q2080809] 2012年 | 得分: 103
2026-04-07 20:14:32,995 - INFO -       -> 候选 [Q2759253] 2012年 | 得分: 103
2026-04-07 20:14:32,995 - INFO -       -> 候选 [Q182798] 2012年夏季残奥会 | 得分: 15
2026-04-07 20:14:32,995 - INFO -    ✅ 链接成功！将提及词【2012年】链接至全球图谱节点: 2012年 (Q1990)

2026-04-07 20:14:32,995 - INFO - 🔍 正在处理文本提及词: 【2万多】
2026-04-07 20:14:33,519 - INFO -    [未找到候选] 将 '2万多' 标记为 NIL (无链接实体)

2026-04-07 20:14:33,519 - INFO - 🔍 正在处理文本提及词: 【英国】
2026-04-07 20:14:34,100 - INFO -    找到 5 个关于 '英国' 的候选实体，计算相似度...
2026-04-07 20:14:34,100 - INFO -       -> 候选 [Q145] 英国 | 得分: 104
2026-04-07 20:14:34,100 - INFO -       -> 候选 [Q34433] 牛津大学 | 得分: 5
2026-04-07 20:14:34,100 - INFO -       -> 候选 [Q35794] 剑桥大学 | 得分: 6
2026-04-07 20:14:34,101 - INFO -       -> 候选 [Q123885] 英国皇家学会 | 得分: 19
2026-04-07 20:14:34,101 - INFO -       -> 候选 [Q9531] 英国广播公司 | 得分: 14
2026-04-07 20:14:34,101 - INFO -    ✅ 链接成功！将提及词【英国】链接至全球图谱节点: 英国 (Q145)

2026-04-07 20:14:34,101 - INFO - 🔍 正在处理文本提及词: 【英国】
2026-04-07 20:14:34,654 - INFO -    找到 5 个关于 '英国' 的候选实体，计算相似度...
2026-04-07 20:14:34,654 - INFO -       -> 候选 [Q145] 英国 | 得分: 104
2026-04-07 20:14:34,654 - INFO -       -> 候选 [Q34433] 牛津大学 | 得分: 5
2026-04-07 20:14:34,654 - INFO -       -> 候选 [Q35794] 剑桥大学 | 得分: 6
2026-04-07 20:14:34,654 - INFO -       -> 候选 [Q123885] 英国皇家学会 | 得分: 19
2026-04-07 20:14:34,654 - INFO -       -> 候选 [Q9531] 英国广播公司 | 得分: 14
2026-04-07 20:14:34,654 - INFO -    ✅ 链接成功！将提及词【英国】链接至全球图谱节点: 英国 (Q145)

2026-04-07 20:14:34,654 - INFO - 🔍 正在处理文本提及词: 【上议院】
2026-04-07 20:14:35,200 - INFO -    找到 5 个关于 '上议院' 的候选实体，计算相似度...
2026-04-07 20:14:35,201 - INFO -       -> 候选 [Q637846] 上议院 | 得分: 103
2026-04-07 20:14:35,201 - INFO -       -> 候选 [Q5187652] 上议院 | 得分: 104
2026-04-07 20:14:35,201 - INFO -       -> 候选 [Q2506575] 上议院执政党首席议员 | 得分: 13
2026-04-07 20:14:35,201 - INFO -       -> 候选 [Q1869904] 议会成员 | 得分: 3
2026-04-07 20:14:35,201 - INFO -       -> 候选 [Q15633844] 影子上议院领袖 | 得分: 12
2026-04-07 20:14:35,201 - INFO -    ✅ 链接成功！将提及词【上议院】链接至全球图谱节点: 上议院 (Q5187652)

2026-04-07 20:14:35,201 - INFO - 🔍 正在处理文本提及词: 【麦克纳利】
2026-04-07 20:14:35,695 - INFO -    找到 3 个关于 '麦克纳利' 的候选实体，计算相似度...
2026-04-07 20:14:35,695 - INFO -       -> 候选 [Q2426067] 麦克纳利勋爵 | 得分: 16
2026-04-07 20:14:35,695 - INFO -       -> 候选 [Q10859020] 麦克纳利陨石坑 | 得分: 13
2026-04-07 20:14:35,695 - INFO -       -> 候选 [Q135725698] 麦克纳利北海狗 | 得分: 14
2026-04-07 20:14:35,695 - INFO -    ✅ 链接成功！将提及词【麦克纳利】链接至全球图谱节点: 麦克纳利勋爵 (Q2426067)

2026-04-07 20:14:35,695 - INFO - 🔍 正在处理文本提及词: 【勋爵】
2026-04-07 20:14:36,227 - INFO -    找到 3 个关于 '勋爵' 的候选实体，计算相似度...
2026-04-07 20:14:36,228 - INFO -       -> 候选 [Q12552047] 勋爵 | 得分: 105
2026-04-07 20:14:36,228 - INFO -       -> 候选 [Q5077424] 勋爵查尔斯·厄斯金 | 得分: 16
2026-04-07 20:14:36,228 - INFO -       -> 候选 [Q3259362] 勋爵湾 | 得分: 13
2026-04-07 20:14:36,228 - INFO -    ✅ 链接成功！将提及词【勋爵】链接至全球图谱节点: 勋爵 (Q12552047)

2026-04-07 20:14:36,228 - INFO - 🔍 正在处理文本提及词: 【他】
2026-04-07 20:14:36,228 - INFO - 这是一个代词，跳过
2026-04-07 20:14:36,228 - INFO - 🔍 正在处理文本提及词: 【他】
2026-04-07 20:14:36,228 - INFO - 这是一个代词，跳过
2026-04-07 20:14:36,228 - INFO - 🔍 正在处理文本提及词: 【他】
2026-04-07 20:14:36,228 - INFO - 这是一个代词，跳过
2026-04-07 20:14:36,228 - INFO - 🔍 正在处理文本提及词: 【今天】
2026-04-07 20:14:36,698 - INFO -    找到 5 个关于 '今天' 的候选实体，计算相似度...
2026-04-07 20:14:36,698 - INFO -       -> 候选 [Q3151690] 今天 | 得分: 103
2026-04-07 20:14:36,698 - INFO -       -> 候选 [Q130838] 今天 | 得分: 103
2026-04-07 20:14:36,698 - INFO -       -> 候选 [Q193168] 现在 | 得分: 4
2026-04-07 20:14:36,698 - INFO -       -> 候选 [Q132108] 今天 | 得分: 102
2026-04-07 20:14:36,698 - INFO -       -> 候选 [Q671543] 今天 | 得分: 102
2026-04-07 20:14:36,698 - INFO -    ✅ 链接成功！将提及词【今天】链接至全球图谱节点: 今天 (Q3151690)

2026-04-07 20:14:36,698 - INFO - 🔍 正在处理文本提及词: 【他】
2026-04-07 20:14:36,698 - INFO - 这是一个代词，跳过
2026-04-07 20:14:36,698 - INFO - 🔍 正在处理文本提及词: 【今日】
2026-04-07 20:14:37,225 - INFO -    找到 5 个关于 '今日' 的候选实体，计算相似度...
2026-04-07 20:14:37,225 - INFO -       -> 候选 [Q193168] 现在 | 得分: 4
2026-04-07 20:14:37,226 - INFO -       -> 候选 [Q3151690] 今天 | 得分: 3
2026-04-07 20:14:37,226 - INFO -       -> 候选 [Q527612] 尼日利亚本天报 | 得分: 1
2026-04-07 20:14:37,226 - INFO -       -> 候选 [Q2919549] 今日 | 得分: 102
2026-04-07 20:14:37,226 - INFO -       -> 候选 [Q4353208] 今日 | 得分: 106
2026-04-07 20:14:37,226 - INFO -    ✅ 链接成功！将提及词【今日】链接至全球图谱节点: 今日 (Q4353208)

2026-04-07 20:14:37,226 - INFO - 🔍 正在处理文本提及词: 【2013年12月24日】
2026-04-07 20:14:37,819 - INFO -    找到 1 个关于 '2013年12月24日' 的候选实体，计算相似度...
2026-04-07 20:14:37,819 - INFO -       -> 候选 [Q17982312] 2013年12月24日 | 得分: 107
2026-04-07 20:14:37,819 - INFO -    ✅ 链接成功！将提及词【2013年12月24日】链接至全球图谱节点: 2013年12月24日 (Q17982312)

2026-04-07 20:14:37,819 - INFO - 🔍 正在处理文本提及词: 【英国司法部】
2026-04-07 20:14:38,319 - INFO -    [未找到候选] 将 '英国司法部' 标记为 NIL (无链接实体)

2026-04-07 20:14:38,319 - INFO - 🔍 正在处理文本提及词: 【英国】
2026-04-07 20:14:38,922 - INFO -    找到 5 个关于 '英国' 的候选实体，计算相似度...
2026-04-07 20:14:38,922 - INFO -       -> 候选 [Q145] 英国 | 得分: 104
2026-04-07 20:14:38,923 - INFO -       -> 候选 [Q34433] 牛津大学 | 得分: 5
2026-04-07 20:14:38,923 - INFO -       -> 候选 [Q35794] 剑桥大学 | 得分: 6
2026-04-07 20:14:38,923 - INFO -       -> 候选 [Q123885] 英国皇家学会 | 得分: 19
2026-04-07 20:14:38,923 - INFO -       -> 候选 [Q9531] 英国广播公司 | 得分: 14
2026-04-07 20:14:38,923 - INFO -    ✅ 链接成功！将提及词【英国】链接至全球图谱节点: 英国 (Q145)

2026-04-07 20:14:38,923 - INFO - 🔍 正在处理文本提及词: 【伊丽莎白】
2026-04-07 20:14:39,436 - INFO -    找到 5 个关于 '伊丽莎白' 的候选实体，计算相似度...
2026-04-07 20:14:39,436 - INFO -       -> 候选 [Q385468] 伊丽莎白 | 得分: 106
2026-04-07 20:14:39,436 - INFO -       -> 候选 [Q946319] 伊丽莎白 | 得分: 104
2026-04-07 20:14:39,436 - INFO -       -> 候选 [Q138311] 伊丽莎白 | 得分: 104
2026-04-07 20:14:39,436 - INFO -       -> 候选 [Q14647648] 伊丽莎白 | 得分: 106
2026-04-07 20:14:39,436 - INFO -       -> 候选 [Q18093037] 伊丽莎白 | 得分: 106
2026-04-07 20:14:39,436 - INFO -    ✅ 链接成功！将提及词【伊丽莎白】链接至全球图谱节点: 伊丽莎白 (Q385468)

2026-04-07 20:14:39,437 - INFO - 🔍 正在处理文本提及词: 【1952年】
2026-04-07 20:14:39,970 - INFO -    找到 5 个关于 '1952年' 的候选实体，计算相似度...
2026-04-07 20:14:39,970 - INFO -       -> 候选 [Q5272] 1952年 | 得分: 103
2026-04-07 20:14:39,971 - INFO -       -> 候选 [Q8407] 1952年夏季奥林匹克运动会 | 得分: 14
2026-04-07 20:14:39,971 - INFO -       -> 候选 [Q9623] 1952年冬季奥林匹克运动会 | 得分: 17
2026-04-07 20:14:39,971 - INFO -       -> 候选 [Q917184] 第24届奥斯卡金像奖 | 得分: 7
2026-04-07 20:14:39,971 - INFO -       -> 候选 [Q699548] 1952年美国总统选举 | 得分: 14
2026-04-07 20:14:39,971 - INFO -    ✅ 链接成功！将提及词【1952年】链接至全球图谱节点: 1952年 (Q5272)

2026-04-07 20:14:39,971 - INFO - 🔍 正在处理文本提及词: 【艾伦·图灵】
2026-04-07 20:14:40,500 - INFO -    找到 2 个关于 '艾伦·图灵' 的候选实体，计算相似度...
2026-04-07 20:14:40,500 - INFO -       -> 候选 [Q7251] 艾伦·图灵 | 得分: 109
2026-04-07 20:14:40,500 - INFO -       -> 候选 [Q16826821] 艾伦图灵研究院 | 得分: 3
2026-04-07 20:14:40,500 - INFO -    ✅ 链接成功！将提及词【艾伦·图灵】链接至全球图谱节点: 艾伦·图灵 (Q7251)

2026-04-07 20:14:40,500 - INFO - 🔍 正在处理文本提及词: 【2015年2月23日】
2026-04-07 20:14:41,008 - INFO -    找到 1 个关于 '2015年2月23日' 的候选实体，计算相似度...
2026-04-07 20:14:41,008 - INFO -       -> 候选 [Q19764437] 2015年2月23日 | 得分: 107
2026-04-07 20:14:41,009 - INFO -    ✅ 链接成功！将提及词【2015年2月23日】链接至全球图谱节点: 2015年2月23日 (Q19764437)

2026-04-07 20:14:41,009 - INFO - 🔍 正在处理文本提及词: 【英国】
2026-04-07 20:14:41,556 - INFO -    找到 5 个关于 '英国' 的候选实体，计算相似度...
2026-04-07 20:14:41,556 - INFO -       -> 候选 [Q145] 英国 | 得分: 104
2026-04-07 20:14:41,556 - INFO -       -> 候选 [Q34433] 牛津大学 | 得分: 5
2026-04-07 20:14:41,557 - INFO -       -> 候选 [Q35794] 剑桥大学 | 得分: 6
2026-04-07 20:14:41,557 - INFO -       -> 候选 [Q123885] 英国皇家学会 | 得分: 19
2026-04-07 20:14:41,557 - INFO -       -> 候选 [Q9531] 英国广播公司 | 得分: 14
2026-04-07 20:14:41,557 - INFO -    ✅ 链接成功！将提及词【英国】链接至全球图谱节点: 英国 (Q145)

2026-04-07 20:14:41,557 - INFO - 🔍 正在处理文本提及词: 【50万】
2026-04-07 20:14:42,066 - INFO -    找到 2 个关于 '50万' 的候选实体，计算相似度...
2026-04-07 20:14:42,067 - INFO -       -> 候选 [Q122357159] 50万中小学教师将接受国家级培训 | 得分: 17
2026-04-07 20:14:42,067 - INFO -       -> 候选 [Q11372051] 50万トン戦舰 | 得分: 12
2026-04-07 20:14:42,067 - INFO -    ✅ 链接成功！将提及词【50万】链接至全球图谱节点: 50万中小学教师将接受国家级培训 (Q122357159)

2026-04-07 20:14:42,067 - INFO - 🔍 正在处理文本提及词: 【英国】
2026-04-07 20:14:42,595 - INFO -    找到 5 个关于 '英国' 的候选实体，计算相似度...
2026-04-07 20:14:42,595 - INFO -       -> 候选 [Q145] 英国 | 得分: 104
2026-04-07 20:14:42,595 - INFO -       -> 候选 [Q34433] 牛津大学 | 得分: 5
2026-04-07 20:14:42,595 - INFO -       -> 候选 [Q35794] 剑桥大学 | 得分: 6
2026-04-07 20:14:42,595 - INFO -       -> 候选 [Q123885] 英国皇家学会 | 得分: 19
2026-04-07 20:14:42,595 - INFO -       -> 候选 [Q9531] 英国广播公司 | 得分: 14
2026-04-07 20:14:42,595 - INFO -    ✅ 链接成功！将提及词【英国】链接至全球图谱节点: 英国 (Q145)

2026-04-07 20:14:42,595 - INFO - 🔍 正在处理文本提及词: 【49】
2026-04-07 20:14:43,132 - INFO -    找到 5 个关于 '49' 的候选实体，计算相似度...
2026-04-07 20:14:43,132 - INFO -       -> 候选 [Q712758] 49 | 得分: 102
2026-04-07 20:14:43,132 - INFO -       -> 候选 [Q15062945] 49 | 得分: 102
2026-04-07 20:14:43,132 - INFO -       -> 候选 [Q87533398] ㊾ | 得分: 1
2026-04-07 20:14:43,132 - INFO -       -> 候选 [Q237449] 490年代 | 得分: 14
2026-04-07 20:14:43,132 - INFO -       -> 候选 [Q30987] 493年 | 得分: 12
2026-04-07 20:14:43,132 - INFO -    ✅ 链接成功！将提及词【49】链接至全球图谱节点: 49 (Q712758)

2026-04-07 20:14:43,132 - INFO - 🔍 正在处理文本提及词: 【2017年1月31日】
2026-04-07 20:14:43,667 - INFO -    找到 2 个关于 '2017年1月31日' 的候选实体，计算相似度...
2026-04-07 20:14:43,668 - INFO -       -> 候选 [Q28799645] 2017年1月31日 | 得分: 107
2026-04-07 20:14:43,668 - INFO -       -> 候选 [Q60859086] 2017年1月31日台湾报纸头条 | 得分: 17
2026-04-07 20:14:43,668 - INFO -    ✅ 链接成功！将提及词【2017年1月31日】链接至全球图谱节点: 2017年1月31日 (Q28799645)

2026-04-07 20:14:43,668 - INFO - 🔍 正在处理文本提及词: 【艾伦·图灵】
2026-04-07 20:14:44,174 - INFO -    找到 2 个关于 '艾伦·图灵' 的候选实体，计算相似度...
2026-04-07 20:14:44,174 - INFO -       -> 候选 [Q7251] 艾伦·图灵 | 得分: 109
2026-04-07 20:14:44,175 - INFO -       -> 候选 [Q16826821] 艾伦图灵研究院 | 得分: 3
2026-04-07 20:14:44,175 - INFO -    ✅ 链接成功！将提及词【艾伦·图灵】链接至全球图谱节点: 艾伦·图灵 (Q7251)

2026-04-07 20:14:44,175 - INFO - 🔍 正在处理文本提及词: 【约49】
2026-04-07 20:14:44,725 - INFO -    [未找到候选] 将 '约49' 标记为 NIL (无链接实体)

2026-04-07 20:14:44,725 - INFO - 🔍 正在处理文本提及词: 【1946年】
2026-04-07 20:14:45,280 - INFO -    找到 5 个关于 '1946年' 的候选实体，计算相似度...
2026-04-07 20:14:45,280 - INFO -       -> 候选 [Q18610] 1946年 | 得分: 103
2026-04-07 20:14:45,280 - INFO -       -> 候选 [Q917178] 第18届奥斯卡金像奖 | 得分: 6
2026-04-07 20:14:45,280 - INFO -       -> 候选 [Q1500221] 1946年欧洲田径赛 | 得分: 16
2026-04-07 20:14:45,280 - INFO -       -> 候选 [Q604726] 1946年南美足球锦标赛 | 得分: 13
2026-04-07 20:14:45,280 - INFO -       -> 候选 [Q939090] 美国原子能委员会 | 得分: 4
2026-04-07 20:14:45,280 - INFO -    ✅ 链接成功！将提及词【1946年】链接至全球图谱节点: 1946年 (Q18610)

2026-04-07 20:14:45,280 - INFO - 🔍 正在处理文本提及词: 【英】
2026-04-07 20:14:45,859 - INFO -    找到 5 个关于 '英' 的候选实体，计算相似度...
2026-04-07 20:14:45,859 - INFO -       -> 候选 [Q94957785] 英 | 得分: 105
2026-04-07 20:14:45,859 - INFO -       -> 候选 [Q20001710] Ying | 得分: 4
2026-04-07 20:14:45,860 - INFO -       -> 候选 [Q28409357] 英 | 得分: 104
2026-04-07 20:14:45,860 - INFO -       -> 候选 [Q1860] 英语 | 得分: 15
2026-04-07 20:14:45,860 - INFO -       -> 候选 [Q145] 英国 | 得分: 14
2026-04-07 20:14:45,860 - INFO -    ✅ 链接成功！将提及词【英】链接至全球图谱节点: 英 (Q94957785)

2026-04-07 20:14:45,860 - INFO - 🔍 正在处理文本提及词: 【他】
2026-04-07 20:14:45,860 - INFO - 这是一个代词，跳过
2026-04-07 20:14:45,860 - INFO - 🔍 正在处理文本提及词: 【1951年】
2026-04-07 20:14:46,433 - INFO -    找到 5 个关于 '1951年' 的候选实体，计算相似度...
2026-04-07 20:14:46,433 - INFO -       -> 候选 [Q18591] 1951年 | 得分: 103
2026-04-07 20:14:46,434 - INFO -       -> 候选 [Q3722280] 1951年英国大选 | 得分: 15
2026-04-07 20:14:46,434 - INFO -       -> 候选 [Q917076] 第23届奥斯卡金像奖 | 得分: 7
2026-04-07 20:14:46,434 - INFO -       -> 候选 [Q29267] 1951年亚洲运动会 | 得分: 13
2026-04-07 20:14:46,434 - INFO -       -> 候选 [Q1203233] 1951年泛美运动会 | 得分: 15
2026-04-07 20:14:46,434 - INFO -    ✅ 链接成功！将提及词【1951年】链接至全球图谱节点: 1951年 (Q18591)

2026-04-07 20:14:46,434 - INFO - 🔍 正在处理文本提及词: 【皇家学会】
2026-04-07 20:14:46,987 - INFO -    找到 5 个关于 '皇家学会' 的候选实体，计算相似度...
2026-04-07 20:14:46,987 - INFO -       -> 候选 [Q123885] 英国皇家学会 | 得分: 19
2026-04-07 20:14:46,988 - INFO -       -> 候选 [Q2171086] 英国科学知识普及会 | 得分: 4
2026-04-07 20:14:46,988 - INFO -       -> 候选 [Q15631401] 英国皇家学会院士 | 得分: 13
2026-04-07 20:14:46,988 - INFO -       -> 候选 [Q913162] 自然科学会报 | 得分: 4
2026-04-07 20:14:46,988 - INFO -       -> 候选 [Q2153239] 自然科学会报B | 得分: 3
2026-04-07 20:14:46,988 - INFO -    ✅ 链接成功！将提及词【皇家学会】链接至全球图谱节点: 英国皇家学会 (Q123885)

2026-04-07 20:14:46,988 - INFO - 🔍 正在处理文本提及词: 【他】
2026-04-07 20:14:46,988 - INFO - 这是一个代词，跳过
2026-04-07 20:14:46,988 - INFO - 🔍 正在处理文本提及词: 【1966年】
2026-04-07 20:14:48,975 - INFO -    找到 5 个关于 '1966年' 的候选实体，计算相似度...
2026-04-07 20:14:48,976 - INFO -       -> 候选 [Q2649] 1966年 | 得分: 106
2026-04-07 20:14:48,977 - INFO -       -> 候选 [Q4572412] 1966年 | 得分: 104
2026-04-07 20:14:48,977 - INFO -       -> 候选 [Q3224534] 1966年 | 得分: 103
2026-04-07 20:14:48,977 - INFO -       -> 候选 [Q134202] 1966年世界杯足球赛 | 得分: 14
2026-04-07 20:14:48,977 - INFO -       -> 候选 [Q161376] 环球小姐 | 得分: 5
2026-04-07 20:14:48,977 - INFO -    ✅ 链接成功！将提及词【1966年】链接至全球图谱节点: 1966年 (Q2649)

2026-04-07 20:14:48,977 - INFO - 🔍 正在处理文本提及词: 【计算机协会】
2026-04-07 20:14:49,533 - INFO -    找到 2 个关于 '计算机协会' 的候选实体，计算相似度...
2026-04-07 20:14:49,533 - INFO -       -> 候选 [Q127992] 计算机协会 | 得分: 105
2026-04-07 20:14:49,533 - INFO -       -> 候选 [Q986509] 计算机协会软件系统奖 | 得分: 16
2026-04-07 20:14:49,533 - INFO -    ✅ 链接成功！将提及词【计算机协会】链接至全球图谱节点: 计算机协会 (Q127992)

2026-04-07 20:14:49,533 - INFO - 🔍 正在处理文本提及词: 【诺贝尔奖】
2026-04-07 20:14:50,144 - INFO -    找到 5 个关于 '诺贝尔奖' 的候选实体，计算相似度...
2026-04-07 20:14:50,144 - INFO -       -> 候选 [Q7191] 诺贝尔奖 | 得分: 103
2026-04-07 20:14:50,145 - INFO -       -> 候选 [Q46446] 诺贝尔委员会 | 得分: 2
2026-04-07 20:14:50,145 - INFO -       -> 候选 [Q120399976] 诺贝尔奖章 | 得分: 14
2026-04-07 20:14:50,145 - INFO -       -> 候选 [Q115784320] 诺贝尔奖获得者 | 得分: 13
2026-04-07 20:14:50,145 - INFO -       -> 候选 [Q339619] 诺贝尔奖得主列表 | 得分: 15
2026-04-07 20:14:50,145 - INFO -    ✅ 链接成功！将提及词【诺贝尔奖】链接至全球图谱节点: 诺贝尔奖 (Q7191)

2026-04-07 20:14:50,145 - INFO - 🔍 正在处理文本提及词: 【50英镑】
2026-04-07 20:14:50,705 - INFO -    [未找到候选] 将 '50英镑' 标记为 NIL (无链接实体)

2026-04-07 20:14:50,705 - INFO - 🔍 正在处理文本提及词: 【半】
2026-04-07 20:14:51,460 - INFO -    找到 5 个关于 '半' 的候选实体，计算相似度...
2026-04-07 20:14:51,460 - INFO -       -> 候选 [Q34763] 半岛 | 得分: 12
2026-04-07 20:14:51,461 - INFO -       -> 候选 [Q11456] 半导体 | 得分: 14
2026-04-07 20:14:51,461 - INFO -       -> 候选 [Q8844] 半人马座 | 得分: 11
2026-04-07 20:14:51,461 - INFO -       -> 候选 [Q26371] 半翅目 | 得分: 12
2026-04-07 20:14:51,461 - INFO -       -> 候选 [Q171318] 亲属 | 得分: 9
2026-04-07 20:14:51,461 - INFO -    ✅ 链接成功！将提及词【半】链接至全球图谱节点: 半导体 (Q11456)

2026-04-07 20:14:51,461 - INFO - 🔍 正在处理文本提及词: 【史蒂夫·乔布斯】
2026-04-07 20:14:52,022 - INFO -    找到 3 个关于 '史蒂夫·乔布斯' 的候选实体，计算相似度...
2026-04-07 20:14:52,022 - INFO -       -> 候选 [Q19837] 史提夫·乔布斯 | 得分: 6
2026-04-07 20:14:52,022 - INFO -       -> 候选 [Q48835074] 史蒂夫·乔布斯剧院 | 得分: 15
2026-04-07 20:14:52,022 - INFO -       -> 候选 [Q625645] 史蒂夫·乔布斯传 | 得分: 15
2026-04-07 20:14:52,022 - INFO -    ✅ 链接成功！将提及词【史蒂夫·乔布斯】链接至全球图谱节点: 史蒂夫·乔布斯剧院 (Q48835074)

2026-04-07 20:14:52,022 - INFO - 🔍 正在处理文本提及词: 【史蒂芬·弗莱】
2026-04-07 20:14:52,522 - INFO -    找到 1 个关于 '史蒂芬·弗莱' 的候选实体，计算相似度...
2026-04-07 20:14:52,522 - INFO -       -> 候选 [Q192912] 史蒂芬·弗莱 | 得分: 105
2026-04-07 20:14:52,522 - INFO -    ✅ 链接成功！将提及词【史蒂芬·弗莱】链接至全球图谱节点: 史蒂芬·弗莱 (Q192912)

2026-04-07 20:14:52,522 - INFO - 🔍 正在处理文本提及词: 【God】
2026-04-07 20:14:53,027 - INFO -    找到 5 个关于 'God' 的候选实体，计算相似度...
2026-04-07 20:14:53,027 - INFO -       -> 候选 [Q106078731] God | 得分: 104
2026-04-07 20:14:53,027 - INFO -       -> 候选 [Q48928941] GOD | 得分: 1
2026-04-07 20:14:53,027 - INFO -       -> 候选 [Q40807] 天佑国王 | 得分: 3
2026-04-07 20:14:53,028 - INFO -       -> 候选 [Q223973] 教父母 | 得分: 5
2026-04-07 20:14:53,028 - INFO -       -> 候选 [Q178885] 神 | 得分: 6
2026-04-07 20:14:53,028 - INFO -    ✅ 链接成功！将提及词【God】链接至全球图谱节点: God (Q106078731)

2026-04-07 20:14:53,028 - INFO - 🔍 正在处理文本提及词: 【NVIDIA】
2026-04-07 20:14:53,552 - INFO -    找到 5 个关于 'NVIDIA' 的候选实体，计算相似度...
2026-04-07 20:14:53,553 - INFO -       -> 候选 [Q477690] CUDA | 得分: 6
2026-04-07 20:14:53,553 - INFO -       -> 候选 [Q182477] 英伟达 | 得分: 5
2026-04-07 20:14:53,553 - INFO -       -> 候选 [Q27076301] Nvidia Shield | 得分: 1
2026-04-07 20:14:53,553 - INFO -       -> 候选 [Q705442] NVIDIA PhysX | 得分: 15
2026-04-07 20:14:53,553 - INFO -       -> 候选 [Q1061159] NVIDIA Tegra | 得分: 14
2026-04-07 20:14:53,553 - INFO -    ✅ 链接成功！将提及词【NVIDIA】链接至全球图谱节点: NVIDIA PhysX (Q705442)

2026-04-07 20:14:53,553 - INFO - 🔍 正在处理文本提及词: 【16】
2026-04-07 20:14:54,132 - INFO -    找到 5 个关于 '16' 的候选实体，计算相似度...
2026-04-07 20:14:54,132 - INFO -       -> 候选 [Q40254] 16 | 得分: 102
2026-04-07 20:14:54,132 - INFO -       -> 候选 [Q23649984] 16 | 得分: 103
2026-04-07 20:14:54,132 - INFO -       -> 候选 [Q82828] 十六进制 | 得分: 5
2026-04-07 20:14:54,132 - INFO -       -> 候选 [Q7017] 16世纪 | 得分: 13
2026-04-07 20:14:54,132 - INFO -       -> 候选 [Q87525699] ⑯ | 得分: 1
2026-04-07 20:14:54,132 - INFO -    ✅ 链接成功！将提及词【16】链接至全球图谱节点: 16 (Q23649984)

2026-04-07 20:14:54,132 - INFO - 🔍 正在处理文本提及词: 【NVIDIA】
2026-04-07 20:14:54,676 - INFO -    找到 5 个关于 'NVIDIA' 的候选实体，计算相似度...
2026-04-07 20:14:54,676 - INFO -       -> 候选 [Q477690] CUDA | 得分: 6
2026-04-07 20:14:54,677 - INFO -       -> 候选 [Q182477] 英伟达 | 得分: 5
2026-04-07 20:14:54,677 - INFO -       -> 候选 [Q27076301] Nvidia Shield | 得分: 1
2026-04-07 20:14:54,677 - INFO -       -> 候选 [Q705442] NVIDIA PhysX | 得分: 15
2026-04-07 20:14:54,677 - INFO -       -> 候选 [Q1061159] NVIDIA Tegra | 得分: 14
2026-04-07 20:14:54,677 - INFO -    ✅ 链接成功！将提及词【NVIDIA】链接至全球图谱节点: NVIDIA PhysX (Q705442)

2026-04-07 20:14:54,677 - INFO - 🔍 正在处理文本提及词: 【20】
2026-04-07 20:14:55,274 - INFO -    找到 5 个关于 '20' 的候选实体，计算相似度...
2026-04-07 20:14:55,274 - INFO -       -> 候选 [Q40292] 20 | 得分: 102
2026-04-07 20:14:55,274 - INFO -       -> 候选 [Q84263196] 2019冠状病毒病 | 得分: 14
2026-04-07 20:14:55,274 - INFO -       -> 候选 [Q81068910] 2019冠状病毒病疫情 | 得分: 20
2026-04-07 20:14:55,274 - INFO -       -> 候选 [Q82069695] 严重急性呼吸综合症冠状病毒2型 | 得分: 6
2026-04-07 20:14:55,274 - INFO -       -> 候选 [Q1999] 2014年 | 得分: 13
2026-04-07 20:14:55,274 - INFO -    ✅ 链接成功！将提及词【20】链接至全球图谱节点: 20 (Q40292)

2026-04-07 20:14:55,274 - INFO - 🔍 正在处理文本提及词: 【模仿游戏】
2026-04-07 20:14:55,759 - INFO -    找到 3 个关于 '模仿游戏' 的候选实体，计算相似度...
2026-04-07 20:14:55,760 - INFO -       -> 候选 [Q14918344] 模仿游戏 | 得分: 107
2026-04-07 20:14:55,760 - INFO -       -> 候选 [Q19650385] 模仿游戏 | 得分: 105
2026-04-07 20:14:55,760 - INFO -       -> 候选 [Q189223] 图灵测试 | 得分: 4
2026-04-07 20:14:55,760 - INFO -    ✅ 链接成功！将提及词【模仿游戏】链接至全球图谱节点: 模仿游戏 (Q14918344)

2026-04-07 20:14:55,760 - INFO - 🔍 正在处理文本提及词: 【2014年】
2026-04-07 20:14:56,293 - INFO -    找到 5 个关于 '2014年' 的候选实体，计算相似度...
2026-04-07 20:14:56,293 - INFO -       -> 候选 [Q1999] 2014年 | 得分: 103
2026-04-07 20:14:56,294 - INFO -       -> 候选 [Q9678] 2014年冬季奥林匹克运动会 | 得分: 17
2026-04-07 20:14:56,294 - INFO -       -> 候选 [Q79859] 2014年世界杯足球赛 | 得分: 15
2026-04-07 20:14:56,294 - INFO -       -> 候选 [Q15224558] 乌克兰亲欧盟示威运动 | 得分: 7
2026-04-07 20:14:56,294 - INFO -       -> 候选 [Q495366] 2014年亚洲运动会 | 得分: 13
2026-04-07 20:14:56,294 - INFO -    ✅ 链接成功！将提及词【2014年】链接至全球图谱节点: 2014年 (Q1999)

2026-04-07 20:14:56,294 - INFO - 🔍 正在处理文本提及词: 【本尼迪克特·康伯巴奇】
2026-04-07 20:14:56,794 - INFO -    找到 2 个关于 '本尼迪克特·康伯巴奇' 的候选实体，计算相似度...
2026-04-07 20:14:56,795 - INFO -       -> 候选 [Q244674] 本尼迪克特·康伯巴奇 | 得分: 106
2026-04-07 20:14:56,795 - INFO -       -> 候选 [Q17006203] 本尼迪克特·康伯巴奇获奖与提名列表 | 得分: 18
2026-04-07 20:14:56,795 - INFO -    ✅ 链接成功！将提及词【本尼迪克特·康伯巴奇】链接至全球图谱节点: 本尼迪克特·康伯巴奇 (Q244674)

2026-04-07 20:14:56,795 - INFO - 🔍 正在处理文本提及词: 【艾伦·图灵】
2026-04-07 20:14:57,326 - INFO -    找到 2 个关于 '艾伦·图灵' 的候选实体，计算相似度...
2026-04-07 20:14:57,326 - INFO -       -> 候选 [Q7251] 艾伦·图灵 | 得分: 109
2026-04-07 20:14:57,327 - INFO -       -> 候选 [Q16826821] 艾伦图灵研究院 | 得分: 3
2026-04-07 20:14:57,327 - INFO -    ✅ 链接成功！将提及词【艾伦·图灵】链接至全球图谱节点: 艾伦·图灵 (Q7251)

2026-04-07 20:14:57,327 - INFO - 🔍 正在处理文本提及词: 【图灵机】
2026-04-07 20:14:57,839 - INFO -    找到 2 个关于 '图灵机' 的候选实体，计算相似度...
2026-04-07 20:14:57,839 - INFO -       -> 候选 [Q163310] 图灵机 | 得分: 105
2026-04-07 20:14:57,840 - INFO -       -> 候选 [Q121185644] 图灵机的神话:功能主义及相关论题的失败 | 得分: 16
2026-04-07 20:14:57,840 - INFO -    ✅ 链接成功！将提及词【图灵机】链接至全球图谱节点: 图灵机 (Q163310)

2026-04-07 20:14:57,840 - INFO - 🔍 正在处理文本提及词: 【2012】
2026-04-07 20:14:58,424 - INFO -    找到 5 个关于 '2012' 的候选实体，计算相似度...
2026-04-07 20:14:58,425 - INFO -       -> 候选 [Q184605] 2012 | 得分: 105
2026-04-07 20:14:58,425 - INFO -       -> 候选 [Q1489579] 2012 | 得分: 102
2026-04-07 20:14:58,425 - INFO -       -> 候选 [Q8577] 2012年夏季奥林匹克运动会 | 得分: 15
2026-04-07 20:14:58,425 - INFO -       -> 候选 [Q1990] 2012年 | 得分: 13
2026-04-07 20:14:58,425 - INFO -       -> 候选 [Q182798] 2012年夏季残奥会 | 得分: 15
2026-04-07 20:14:58,425 - INFO -    ✅ 链接成功！将提及词【2012】链接至全球图谱节点: 2012 (Q184605)

2026-04-07 20:14:58,425 - INFO - 🔍 正在处理文本提及词: 【艾伦·图灵年】
2026-04-07 20:14:58,910 - INFO -    [未找到候选] 将 '艾伦·图灵年' 标记为 NIL (无链接实体)

2026-04-07 20:14:58,910 - INFO - 🔍 正在处理文本提及词: 【档案馆】
2026-04-07 20:14:59,414 - INFO -    找到 5 个关于 '档案馆' 的候选实体，计算相似度...
2026-04-07 20:14:59,416 - INFO -       -> 候选 [Q166118] 档案馆 | 得分: 109
2026-04-07 20:14:59,416 - INFO -       -> 候选 [Q66030065] 档案馆理论与实践新探 | 得分: 17
2026-04-07 20:14:59,416 - INFO -       -> 候选 [Q66020017] 档案馆的档案要向社会开放 | 得分: 19
2026-04-07 20:14:59,416 - INFO -       -> 候选 [Q66030187] 档案馆素质问题的若干思考 | 得分: 18
2026-04-07 20:14:59,417 - INFO -       -> 候选 [Q66467053] 档案馆要重视资料工作 | 得分: 17
2026-04-07 20:14:59,417 - INFO -    ✅ 链接成功！将提及词【档案馆】链接至全球图谱节点: 档案馆 (Q166118)

2026-04-07 20:14:59,417 - INFO - 🔍 正在处理文本提及词: 【档案馆】
2026-04-07 20:14:59,926 - INFO -    找到 5 个关于 '档案馆' 的候选实体，计算相似度...
2026-04-07 20:14:59,926 - INFO -       -> 候选 [Q166118] 档案馆 | 得分: 109
2026-04-07 20:14:59,926 - INFO -       -> 候选 [Q66030065] 档案馆理论与实践新探 | 得分: 17
2026-04-07 20:14:59,926 - INFO -       -> 候选 [Q66020017] 档案馆的档案要向社会开放 | 得分: 19
2026-04-07 20:14:59,926 - INFO -       -> 候选 [Q66030187] 档案馆素质问题的若干思考 | 得分: 18
2026-04-07 20:14:59,927 - INFO -       -> 候选 [Q66467053] 档案馆要重视资料工作 | 得分: 17
2026-04-07 20:14:59,927 - INFO -    ✅ 链接成功！将提及词【档案馆】链接至全球图谱节点: 档案馆 (Q166118)

2026-04-07 20:14:59,927 - INFO - 🔍 正在处理文本提及词: 【档案馆】
2026-04-07 20:15:00,463 - INFO -    找到 5 个关于 '档案馆' 的候选实体，计算相似度...
2026-04-07 20:15:00,463 - INFO -       -> 候选 [Q166118] 档案馆 | 得分: 109
2026-04-07 20:15:00,463 - INFO -       -> 候选 [Q66030065] 档案馆理论与实践新探 | 得分: 17
2026-04-07 20:15:00,463 - INFO -       -> 候选 [Q66020017] 档案馆的档案要向社会开放 | 得分: 19
2026-04-07 20:15:00,463 - INFO -       -> 候选 [Q66030187] 档案馆素质问题的若干思考 | 得分: 18
2026-04-07 20:15:00,463 - INFO -       -> 候选 [Q66467053] 档案馆要重视资料工作 | 得分: 17
2026-04-07 20:15:00,463 - INFO -    ✅ 链接成功！将提及词【档案馆】链接至全球图谱节点: 档案馆 (Q166118)

2026-04-07 20:15:00,463 - INFO - 🔍 正在处理文本提及词: 【美国国会】
2026-04-07 20:15:02,047 - INFO -    找到 5 个关于 '美国国会' 的候选实体，计算相似度...
2026-04-07 20:15:02,048 - INFO -       -> 候选 [Q11268] 美国国会 | 得分: 105
2026-04-07 20:15:02,048 - INFO -       -> 候选 [Q620946] 美国国会图书馆控制号 | 得分: 17
2026-04-07 20:15:02,048 - INFO -       -> 候选 [Q131454] 美国国会图书馆 | 得分: 14
2026-04-07 20:15:02,048 - INFO -       -> 候选 [Q476068] 美国国会法案 | 得分: 13
2026-04-07 20:15:02,048 - INFO -       -> 候选 [Q621080] 美国国会图书馆图书分类法 | 得分: 15
2026-04-07 20:15:02,048 - INFO -    ✅ 链接成功！将提及词【美国国会】链接至全球图谱节点: 美国国会 (Q11268)

2026-04-07 20:15:02,048 - INFO - 🔍 正在处理文本提及词: 【27】
2026-04-07 20:15:02,783 - INFO -    找到 5 个关于 '27' 的候选实体，计算相似度...
2026-04-07 20:15:02,783 - INFO -       -> 候选 [Q433353] 27 | 得分: 102
2026-04-07 20:15:02,783 - INFO -       -> 候选 [Q87533192] ㉗ | 得分: 1
2026-04-07 20:15:02,783 - INFO -       -> 候选 [Q33512] 274年 | 得分: 12
2026-04-07 20:15:02,783 - INFO -       -> 候选 [Q219761] 270年代 | 得分: 14
2026-04-07 20:15:02,783 - INFO -       -> 候选 [Q326461] 27俱乐部 | 得分: 13
2026-04-07 20:15:02,783 - INFO -    ✅ 链接成功！将提及词【27】链接至全球图谱节点: 27 (Q433353)

2026-04-07 20:15:02,783 - INFO - 🔍 正在处理文本提及词: 【James】
2026-04-07 20:15:03,367 - INFO -    找到 5 个关于 'James' 的候选实体，计算相似度...
2026-04-07 20:15:03,367 - INFO -       -> 候选 [Q677191] James | 得分: 105
2026-04-07 20:15:03,367 - INFO -       -> 候选 [Q12188082] 詹姆斯 | 得分: 4
2026-04-07 20:15:03,367 - INFO -       -> 候选 [Q21519457] 詹姆斯 | 得分: 5
2026-04-07 20:15:03,368 - INFO -       -> 候选 [Q724095] James Hansen | 得分: 12
2026-04-07 20:15:03,368 - INFO -       -> 候选 [Q43999] 雅各 | 得分: 7
2026-04-07 20:15:03,368 - INFO -    ✅ 链接成功！将提及词【James】链接至全球图谱节点: James (Q677191)

2026-04-07 20:15:03,368 - INFO - 🔍 正在处理文本提及词: 【2001】
2026-04-07 20:15:03,964 - INFO -    找到 5 个关于 '2001' 的候选实体，计算相似度...
2026-04-07 20:15:03,964 - INFO -       -> 候选 [Q841792] 2001 | 得分: 102
2026-04-07 20:15:03,965 - INFO -       -> 候选 [Q1988] 2001年 | 得分: 13
2026-04-07 20:15:03,965 - INFO -       -> 候选 [Q590740] 2001年英国大选 | 得分: 15
2026-04-07 20:15:03,965 - INFO -       -> 候选 [Q751924] 第73届奥斯卡金像奖 | 得分: 4
2026-04-07 20:15:03,965 - INFO -       -> 候选 [Q304338] 2001年至2002年德国足球甲级联赛 | 得分: 17
2026-04-07 20:15:03,965 - INFO -    ✅ 链接成功！将提及词【2001】链接至全球图谱节点: 2001 (Q841792)

2026-04-07 20:15:03,965 - INFO - 🔍 正在处理文本提及词: 【12】
2026-04-07 20:15:04,538 - INFO -    找到 5 个关于 '12' 的候选实体，计算相似度...
2026-04-07 20:15:04,538 - INFO -       -> 候选 [Q23649983] 12 | 得分: 107
2026-04-07 20:15:04,538 - INFO -       -> 候选 [Q1366362] 12 | 得分: 102
2026-04-07 20:15:04,538 - INFO -       -> 候选 [Q126] 12月 | 得分: 15
2026-04-07 20:15:04,538 - INFO -       -> 候选 [Q111239906] 12 | 得分: 102
2026-04-07 20:15:04,538 - INFO -       -> 候选 [Q2912] 12月31日 | 得分: 16
2026-04-07 20:15:04,538 - INFO -    ✅ 链接成功！将提及词【12】链接至全球图谱节点: 12 (Q23649983)

2026-04-07 20:15:04,538 - INFO - 🔍 正在处理文本提及词: 【11】
2026-04-07 20:15:05,078 - INFO -    找到 5 个关于 '11' 的候选实体，计算相似度...
2026-04-07 20:15:05,078 - INFO -       -> 候选 [Q37136] 11 | 得分: 102
2026-04-07 20:15:05,078 - INFO -       -> 候选 [Q125] 11月 | 得分: 15
2026-04-07 20:15:05,078 - INFO -       -> 候选 [Q2997] 11月1日 | 得分: 16
2026-04-07 20:15:05,078 - INFO -       -> 候选 [Q2987] 11月11日 | 得分: 15
2026-04-07 20:15:05,078 - INFO -       -> 候选 [Q3015] 11月30日 | 得分: 15
2026-04-07 20:15:05,078 - INFO -    ✅ 链接成功！将提及词【11】链接至全球图谱节点: 11 (Q37136)

2026-04-07 20:15:05,078 - INFO - 🔍 正在处理文本提及词: 【2007】
2026-04-07 20:15:05,610 - INFO -    找到 5 个关于 '2007' 的候选实体，计算相似度...
2026-04-07 20:15:05,611 - INFO -       -> 候选 [Q907344] 2007 | 得分: 102
2026-04-07 20:15:05,611 - INFO -       -> 候选 [Q2024] 2007年 | 得分: 13
2026-04-07 20:15:05,612 - INFO -       -> 候选 [Q367805] 2007年女子世界杯足球赛 | 得分: 17
2026-04-07 20:15:05,612 - INFO -       -> 候选 [Q213699] 第79届奥斯卡金像奖 | 得分: 4
2026-04-07 20:15:05,612 - INFO -       -> 候选 [Q161072] 2007年至2008年德国足球甲级联赛 | 得分: 17
2026-04-07 20:15:05,612 - INFO -    ✅ 链接成功！将提及词【2007】链接至全球图谱节点: 2007 (Q907344)

2026-04-07 20:15:05,612 - INFO - 🔍 正在处理文本提及词: 【档案馆】
2026-04-07 20:15:06,141 - INFO -    找到 5 个关于 '档案馆' 的候选实体，计算相似度...
2026-04-07 20:15:06,141 - INFO -       -> 候选 [Q166118] 档案馆 | 得分: 109
2026-04-07 20:15:06,141 - INFO -       -> 候选 [Q66030065] 档案馆理论与实践新探 | 得分: 17
2026-04-07 20:15:06,141 - INFO -       -> 候选 [Q66020017] 档案馆的档案要向社会开放 | 得分: 19
2026-04-07 20:15:06,141 - INFO -       -> 候选 [Q66030187] 档案馆素质问题的若干思考 | 得分: 18
2026-04-07 20:15:06,141 - INFO -       -> 候选 [Q66467053] 档案馆要重视资料工作 | 得分: 17
2026-04-07 20:15:06,141 - INFO -    ✅ 链接成功！将提及词【档案馆】链接至全球图谱节点: 档案馆 (Q166118)

2026-04-07 20:15:06,141 - INFO - 🔍 正在处理文本提及词: 【中央研究院】
2026-04-07 20:15:06,661 - INFO -    找到 5 个关于 '中央研究院' 的候选实体，计算相似度...
2026-04-07 20:15:06,661 - INFO -       -> 候选 [Q337266] 中央研究院 | 得分: 104
2026-04-07 20:15:06,662 - INFO -       -> 候选 [Q63323640] 中央研究院人名权威数据库 | 得分: 14
2026-04-07 20:15:06,662 - INFO -       -> 候选 [Q10875099] 中央研究院物理研究所 | 得分: 15
2026-04-07 20:15:06,662 - INFO -       -> 候选 [Q56612996] 中央研究院生物化学研究所 | 得分: 13
2026-04-07 20:15:06,662 - INFO -       -> 候选 [Q30273893] 中央研究院生物医学科学研究所 | 得分: 14
2026-04-07 20:15:06,662 - INFO -    ✅ 链接成功！将提及词【中央研究院】链接至全球图谱节点: 中央研究院 (Q337266)

2026-04-07 20:15:06,662 - INFO - 🔍 正在处理文本提及词: 【台大】
2026-04-07 20:15:07,163 - INFO -    找到 5 个关于 '台大' 的候选实体，计算相似度...
2026-04-07 20:15:07,163 - INFO -       -> 候选 [Q32746] 国立台湾大学 | 得分: 5
2026-04-07 20:15:07,164 - INFO -       -> 候选 [Q1418766] 国立台湾大学医学院附设医院 | 得分: 2
2026-04-07 20:15:07,164 - INFO -       -> 候选 [Q10927231] 国立台湾大学医学院 | 得分: 2
2026-04-07 20:15:07,164 - INFO -       -> 候选 [Q10927199] 国立台湾大学图书馆 | 得分: 3
2026-04-07 20:15:07,164 - INFO -       -> 候选 [Q698114] 台大医院站 | 得分: 14
2026-04-07 20:15:07,164 - INFO -    ✅ 链接成功！将提及词【台大】链接至全球图谱节点: 台大医院站 (Q698114)

2026-04-07 20:15:07,164 - INFO - 🔍 正在处理文本提及词: 【艾伦·图灵】
2026-04-07 20:15:07,698 - INFO -    找到 2 个关于 '艾伦·图灵' 的候选实体，计算相似度...
2026-04-07 20:15:07,698 - INFO -       -> 候选 [Q7251] 艾伦·图灵 | 得分: 109
2026-04-07 20:15:07,698 - INFO -       -> 候选 [Q16826821] 艾伦图灵研究院 | 得分: 3
2026-04-07 20:15:07,698 - INFO -    ✅ 链接成功！将提及词【艾伦·图灵】链接至全球图谱节点: 艾伦·图灵 (Q7251)

2026-04-07 20:15:07,698 - INFO - 🔍 正在处理文本提及词: 【档案馆】
2026-04-07 20:15:08,245 - INFO -    找到 5 个关于 '档案馆' 的候选实体，计算相似度...
2026-04-07 20:15:08,246 - INFO -       -> 候选 [Q166118] 档案馆 | 得分: 109
2026-04-07 20:15:08,246 - INFO -       -> 候选 [Q66030065] 档案馆理论与实践新探 | 得分: 17
2026-04-07 20:15:08,246 - INFO -       -> 候选 [Q66020017] 档案馆的档案要向社会开放 | 得分: 19
2026-04-07 20:15:08,246 - INFO -       -> 候选 [Q66030187] 档案馆素质问题的若干思考 | 得分: 18
2026-04-07 20:15:08,246 - INFO -       -> 候选 [Q66467053] 档案馆要重视资料工作 | 得分: 17
2026-04-07 20:15:08,246 - INFO -    ✅ 链接成功！将提及词【档案馆】链接至全球图谱节点: 档案馆 (Q166118)

2026-04-07 20:15:08,246 - INFO - 🔍 正在处理文本提及词: 【艾伦·图灵】
2026-04-07 20:15:08,804 - INFO -    找到 2 个关于 '艾伦·图灵' 的候选实体，计算相似度...
2026-04-07 20:15:08,804 - INFO -       -> 候选 [Q7251] 艾伦·图灵 | 得分: 109
2026-04-07 20:15:08,805 - INFO -       -> 候选 [Q16826821] 艾伦图灵研究院 | 得分: 3
2026-04-07 20:15:08,805 - INFO -    ✅ 链接成功！将提及词【艾伦·图灵】链接至全球图谱节点: 艾伦·图灵 (Q7251)

2026-04-07 20:15:08,805 - INFO - 🔍 正在处理文本提及词: 【数字化】
2026-04-07 20:15:09,687 - INFO -    找到 5 个关于 '数字化' 的候选实体，计算相似度...
2026-04-07 20:15:09,687 - INFO -       -> 候选 [Q4252370] 数字化转型 | 得分: 14
2026-04-07 20:15:09,687 - INFO -       -> 候选 [Q55110225] 数字化单一市场版权指令 | 得分: 18
2026-04-07 20:15:09,687 - INFO -       -> 候选 [Q1096872] 数字化革命 | 得分: 14
2026-04-07 20:15:09,687 - INFO -       -> 候选 [Q3297079] 文化、媒体及体育大臣 | 得分: 4
2026-04-07 20:15:09,687 - INFO -       -> 候选 [Q21051382] 数字化单一市场 | 得分: 12
2026-04-07 20:15:09,687 - INFO -    ✅ 链接成功！将提及词【数字化】链接至全球图谱节点: 数字化单一市场版权指令 (Q55110225)

2026-04-07 20:15:09,688 - INFO - 💾 正在将抽取和消歧结果序列化保存至本地...
2026-04-07 20:15:09,691 - INFO - 保存：【E:\VscodePractice\knowlodge_graph\task2_final_linked_entities.json】
